"Attribute1","Attribute2","Attribute3","k","Accuracy","Sensitivity","Specificity"
"ScaleOverTime","isJL1","isSingle",5,85.6321839080461,98.3561643835615,19.2857142857143
"ScaleOverTime","isJL1","isSingle",6,85.6321839080461,98.3561643835615,19.2857142857143
"ScaleOverTime","isJL1","isSingle",7,85.6321839080461,98.3561643835615,19.2857142857143
"ScaleOverTime","isJL1","isSingle",8,85.6321839080461,98.3561643835615,19.2857142857143
"ScaleOverTime","isJL1","isSingle",9,85.6321839080461,98.3561643835615,19.2857142857143
"ScaleOverTime","isJL1","isSingle",10,85.6321839080461,98.3561643835615,19.2857142857143
"ScaleOverTime","isJL1","isSingle",11,85.6321839080461,98.3561643835615,19.2857142857143
"ScaleOverTime","isJL1","isSingle",12,85.6321839080461,98.3561643835615,19.2857142857143
"ScaleOverTime","isJL1","isSingle",13,85.6321839080461,98.3561643835615,19.2857142857143
"ScaleOverTime","isJL1","isSingle",14,85.6321839080461,98.3561643835615,19.2857142857143
"ScaleOverTime","isJL1","isSingle",15,85.6321839080461,98.3561643835615,19.2857142857143
"ScaleOverTime","isJL1","isSingle",16,85.6321839080461,98.3561643835615,19.2857142857143
"ScaleOverTime","isJL1","isSingle",17,85.6321839080461,98.3561643835615,19.2857142857143
"ScaleOverTime","isJL1","isSingle",18,85.6321839080461,98.3561643835615,19.2857142857143
"ScaleOverTime","isJL1","isSingle",19,85.6321839080461,98.3561643835615,19.2857142857143
"ScaleOverTime","isJL1","isSingle",20,85.6321839080461,98.3561643835615,19.2857142857143
"ScaleOverTime","isJL1","isSingle",21,85.6321839080461,98.3561643835615,19.2857142857143
"ScaleOverTime","isJL1","isSingle",22,85.6321839080461,98.3561643835615,19.2857142857143
"ScaleOverTime","isJL1","isSingle",23,85.6321839080461,98.3561643835615,19.2857142857143
"ScaleOverTime","isJL1","isSingle",24,85.6321839080461,98.3561643835615,19.2857142857143
"ScaleOverTime","isJL1","isSingle",25,85.6321839080461,98.3561643835615,19.2857142857143
"ScaleOverTime","isJL1","isSingle",26,85.6321839080461,98.3561643835615,19.2857142857143
"ScaleOverTime","isJL1","isSingle",27,85.6321839080461,98.3561643835615,19.2857142857143
"ScaleOverTime","isJL1","isSingle",28,85.6321839080461,98.3561643835615,19.2857142857143
"ScaleOverTime","isJL1","isSingle",29,85.6321839080461,98.3561643835615,19.2857142857143
"ScaleOverTime","isJL1","isSingle",30,85.6321839080461,98.3561643835615,19.2857142857143
"ScaleOverTime","isJL1","ScaleMonthlyIncome",5,83.9080459770116,95.4794520547946,23.5714285714285
"ScaleOverTime","isJL1","ScaleMonthlyIncome",6,84.5091954022988,95.6493150684932,26.4214285714286
"ScaleOverTime","isJL1","ScaleMonthlyIncome",7,85.6873563218391,96.7780821917808,27.8571428571429
"ScaleOverTime","isJL1","ScaleMonthlyIncome",8,85.5183908045977,96.6602739726027,27.4214285714286
"ScaleOverTime","isJL1","ScaleMonthlyIncome",9,85.6321839080461,97.1232876712331,25.7142857142857
"ScaleOverTime","isJL1","ScaleMonthlyIncome",10,85.9724137931035,97.2616438356165,27.1071428571429
"ScaleOverTime","isJL1","ScaleMonthlyIncome",11,85.7471264367817,97.2602739726028,25.7142857142857
"ScaleOverTime","isJL1","ScaleMonthlyIncome",12,85.8666666666667,97.3383561643836,26.05
"ScaleOverTime","isJL1","ScaleMonthlyIncome",13,85.6321839080461,97.1232876712331,25.7142857142857
"ScaleOverTime","isJL1","ScaleMonthlyIncome",14,86.0505747126437,97.6219178082193,25.7142857142857
"ScaleOverTime","isJL1","ScaleMonthlyIncome",15,86.3839080459771,98.0191780821917,25.7142857142857
"ScaleOverTime","isJL1","ScaleMonthlyIncome",16,86.4356321839081,98.0808219178082,25.7142857142857
"ScaleOverTime","isJL1","ScaleMonthlyIncome",17,86.5517241379309,98.219178082192,25.7142857142857
"ScaleOverTime","isJL1","ScaleMonthlyIncome",18,86.4528735632184,98.1013698630137,25.7142857142857
"ScaleOverTime","isJL1","ScaleMonthlyIncome",19,86.3218390804599,97.9452054794521,25.7142857142857
"ScaleOverTime","isJL1","ScaleMonthlyIncome",20,86.3252873563219,97.9493150684932,25.7142857142857
"ScaleOverTime","isJL1","ScaleMonthlyIncome",21,86.206896551724,97.8082191780824,25.7142857142857
"ScaleOverTime","isJL1","ScaleMonthlyIncome",22,86.206896551724,97.8082191780824,25.7142857142857
"ScaleOverTime","isJL1","ScaleMonthlyIncome",23,86.206896551724,97.8082191780824,25.7142857142857
"ScaleOverTime","isJL1","ScaleMonthlyIncome",24,86.0977011494253,97.6780821917808,25.7142857142857
"ScaleOverTime","isJL1","ScaleMonthlyIncome",25,86.1034482758621,97.5342465753427,26.5
"ScaleOverTime","isJL1","ScaleMonthlyIncome",26,85.9827586206897,97.3945205479452,26.4785714285715
"ScaleOverTime","isJL1","ScaleMonthlyIncome",27,86.0356321839081,97.2602739726028,27.5071428571429
"ScaleOverTime","isJL1","ScaleMonthlyIncome",28,86.028735632184,97.2602739726028,27.4642857142857
"ScaleOverTime","isJL1","ScaleMonthlyIncome",29,85.9885057471266,97.13698630137,27.8571428571429
"ScaleOverTime","isJL1","ScaleMonthlyIncome",30,85.8149425287357,97.1150684931507,26.8928571428572
"ScaleOverTime","isJL1","SO30",5,86.4367816091955,97.2602739726028,30
"ScaleOverTime","isJL1","SO30",6,86.4367816091955,97.2602739726028,30
"ScaleOverTime","isJL1","SO30",7,86.4367816091955,97.2602739726028,30
"ScaleOverTime","isJL1","SO30",8,86.4367816091955,97.2602739726028,30
"ScaleOverTime","isJL1","SO30",9,86.4367816091955,97.2602739726028,30
"ScaleOverTime","isJL1","SO30",10,86.4367816091955,97.2602739726028,30
"ScaleOverTime","isJL1","SO30",11,86.4367816091955,97.2602739726028,30
"ScaleOverTime","isJL1","SO30",12,86.4367816091955,97.2602739726028,30
"ScaleOverTime","isJL1","SO30",13,86.4367816091955,97.2602739726028,30
"ScaleOverTime","isJL1","SO30",14,86.4367816091955,97.2602739726028,30
"ScaleOverTime","isJL1","SO30",15,86.4367816091955,97.2602739726028,30
"ScaleOverTime","isJL1","SO30",16,86.4367816091955,97.2602739726028,30
"ScaleOverTime","isJL1","SO30",17,86.4367816091955,97.2602739726028,30
"ScaleOverTime","isJL1","SO30",18,86.4367816091955,97.2602739726028,30
"ScaleOverTime","isJL1","SO30",19,86.4367816091955,97.2602739726028,30
"ScaleOverTime","isJL1","SO30",20,86.4367816091955,97.2602739726028,30
"ScaleOverTime","isJL1","SO30",21,86.4367816091955,97.2602739726028,30
"ScaleOverTime","isJL1","SO30",22,86.4367816091955,97.2602739726028,30
"ScaleOverTime","isJL1","SO30",23,86.4367816091955,97.2602739726028,30
"ScaleOverTime","isJL1","SO30",24,86.4367816091955,97.2602739726028,30
"ScaleOverTime","isJL1","SO30",25,86.4367816091955,97.2602739726028,30
"ScaleOverTime","isJL1","SO30",26,86.4367816091955,97.2602739726028,30
"ScaleOverTime","isJL1","SO30",27,86.4367816091955,97.2602739726028,30
"ScaleOverTime","isJL1","SO30",28,86.4367816091955,97.2602739726028,30
"ScaleOverTime","isJL1","SO30",29,86.4367816091955,97.2602739726028,30
"ScaleOverTime","isJL1","SO30",30,86.4367816091955,97.2602739726028,30
"ScaleOverTime","isJL1","isTWY03",5,85.1724137931034,98.4931506849317,15.7142857142857
"ScaleOverTime","isJL1","isTWY03",6,85.1724137931034,98.4931506849317,15.7142857142857
"ScaleOverTime","isJL1","isTWY03",7,85.1724137931034,98.4931506849317,15.7142857142857
"ScaleOverTime","isJL1","isTWY03",8,85.1724137931034,98.4931506849317,15.7142857142857
"ScaleOverTime","isJL1","isTWY03",9,85.1724137931034,98.4931506849317,15.7142857142857
"ScaleOverTime","isJL1","isTWY03",10,85.1724137931034,98.4931506849317,15.7142857142857
"ScaleOverTime","isJL1","isTWY03",11,85.1724137931034,98.4931506849317,15.7142857142857
"ScaleOverTime","isJL1","isTWY03",12,85.1724137931034,98.4931506849317,15.7142857142857
"ScaleOverTime","isJL1","isTWY03",13,85.1724137931034,98.4931506849317,15.7142857142857
"ScaleOverTime","isJL1","isTWY03",14,85.1724137931034,98.4931506849317,15.7142857142857
"ScaleOverTime","isJL1","isTWY03",15,85.1724137931034,98.4931506849317,15.7142857142857
"ScaleOverTime","isJL1","isTWY03",16,85.1724137931034,98.4931506849317,15.7142857142857
"ScaleOverTime","isJL1","isTWY03",17,85.1724137931034,98.4931506849317,15.7142857142857
"ScaleOverTime","isJL1","isTWY03",18,85.1724137931034,98.4931506849317,15.7142857142857
"ScaleOverTime","isJL1","isTWY03",19,85.1724137931034,98.4931506849317,15.7142857142857
"ScaleOverTime","isJL1","isTWY03",20,85.1724137931034,98.4931506849317,15.7142857142857
"ScaleOverTime","isJL1","isTWY03",21,85.1724137931034,98.4931506849317,15.7142857142857
"ScaleOverTime","isJL1","isTWY03",22,85.1724137931034,98.4931506849317,15.7142857142857
"ScaleOverTime","isJL1","isTWY03",23,85.1724137931034,98.4931506849317,15.7142857142857
"ScaleOverTime","isJL1","isTWY03",24,85.1724137931034,98.4931506849317,15.7142857142857
"ScaleOverTime","isJL1","isTWY03",25,85.1724137931034,98.4931506849317,15.7142857142857
"ScaleOverTime","isJL1","isTWY03",26,85.1724137931034,98.4931506849317,15.7142857142857
"ScaleOverTime","isJL1","isTWY03",27,85.1724137931034,98.4931506849317,15.7142857142857
"ScaleOverTime","isJL1","isTWY03",28,85.1724137931034,98.4931506849317,15.7142857142857
"ScaleOverTime","isJL1","isTWY03",29,85.1724137931034,98.4931506849317,15.7142857142857
"ScaleOverTime","isJL1","isTWY03",30,85.1724137931034,98.4931506849317,15.7142857142857
"ScaleOverTime","isJL1","ScaleYearsWithCurrManager",5,85.9195402298852,98.1506849315069,22.1428571428571
"ScaleOverTime","isJL1","ScaleYearsWithCurrManager",6,85.977011494253,98.219178082192,22.1428571428571
"ScaleOverTime","isJL1","ScaleYearsWithCurrManager",7,85.977011494253,98.219178082192,22.1428571428571
"ScaleOverTime","isJL1","ScaleYearsWithCurrManager",8,85.977011494253,98.219178082192,22.1428571428571
"ScaleOverTime","isJL1","ScaleYearsWithCurrManager",9,85.8620689655173,98.219178082192,21.4285714285714
"ScaleOverTime","isJL1","ScaleYearsWithCurrManager",10,85.8620689655173,98.219178082192,21.4285714285714
"ScaleOverTime","isJL1","ScaleYearsWithCurrManager",11,85.8620689655173,98.219178082192,21.4285714285714
"ScaleOverTime","isJL1","ScaleYearsWithCurrManager",12,85.8620689655173,98.219178082192,21.4285714285714
"ScaleOverTime","isJL1","ScaleYearsWithCurrManager",13,85.8620689655173,98.219178082192,21.4285714285714
"ScaleOverTime","isJL1","ScaleYearsWithCurrManager",14,85.1724137931034,98.219178082192,17.1428571428571
"ScaleOverTime","isJL1","ScaleYearsWithCurrManager",15,85.1724137931034,98.219178082192,17.1428571428571
"ScaleOverTime","isJL1","ScaleYearsWithCurrManager",16,85.1724137931034,98.219178082192,17.1428571428571
"ScaleOverTime","isJL1","ScaleYearsWithCurrManager",17,85.1724137931034,98.219178082192,17.1428571428571
"ScaleOverTime","isJL1","ScaleYearsWithCurrManager",18,85.1724137931034,98.219178082192,17.1428571428571
"ScaleOverTime","isJL1","ScaleYearsWithCurrManager",19,85.1724137931034,98.219178082192,17.1428571428571
"ScaleOverTime","isJL1","ScaleYearsWithCurrManager",20,85.1724137931034,98.219178082192,17.1428571428571
"ScaleOverTime","isJL1","ScaleYearsWithCurrManager",21,85.1724137931034,98.219178082192,17.1428571428571
"ScaleOverTime","isJL1","ScaleYearsWithCurrManager",22,85.1724137931034,98.219178082192,17.1428571428571
"ScaleOverTime","isJL1","ScaleYearsWithCurrManager",23,85.1724137931034,98.219178082192,17.1428571428571
"ScaleOverTime","isJL1","ScaleYearsWithCurrManager",24,85.1724137931034,98.219178082192,17.1428571428571
"ScaleOverTime","isJL1","ScaleYearsWithCurrManager",25,85.4022988505747,98.4931506849317,17.1428571428571
"ScaleOverTime","isJL1","ScaleYearsWithCurrManager",26,85.4022988505747,98.4931506849317,17.1428571428571
"ScaleOverTime","isJL1","ScaleYearsWithCurrManager",27,85.4022988505747,98.4931506849317,17.1428571428571
"ScaleOverTime","isJL1","ScaleYearsWithCurrManager",28,85.4022988505747,98.4931506849317,17.1428571428571
"ScaleOverTime","isJL1","ScaleYearsWithCurrManager",29,85.4022988505747,98.4931506849317,17.1428571428571
"ScaleOverTime","isJL1","ScaleYearsWithCurrManager",30,85.4022988505747,98.4931506849317,17.1428571428571
"ScaleOverTime","isSingle","ScaleMonthlyIncome",5,84.5459770114942,95.0780821917809,29.6285714285715
"ScaleOverTime","isSingle","ScaleMonthlyIncome",6,84.9160919540229,95.3013698630137,30.7642857142857
"ScaleOverTime","isSingle","ScaleMonthlyIncome",7,85.8137931034483,95.8328767123289,33.5714285714286
"ScaleOverTime","isSingle","ScaleMonthlyIncome",8,85.6264367816092,95.9890410958905,31.5928571428571
"ScaleOverTime","isSingle","ScaleMonthlyIncome",9,85.6873563218392,96.3671232876712,30
"ScaleOverTime","isSingle","ScaleMonthlyIncome",10,86.1988505747127,96.6246575342466,31.8357142857143
"ScaleOverTime","isSingle","ScaleMonthlyIncome",11,86.6666666666665,96.7123287671232,34.2857142857142
"ScaleOverTime","isSingle","ScaleMonthlyIncome",12,86.1793103448276,96.7452054794521,31.0857142857143
"ScaleOverTime","isSingle","ScaleMonthlyIncome",13,85.8620689655173,96.5753424657535,30
"ScaleOverTime","isSingle","ScaleMonthlyIncome",14,85.8862068965518,96.972602739726,28.0785714285715
"ScaleOverTime","isSingle","ScaleMonthlyIncome",15,86.3218390804599,97.2602739726028,29.2857142857144
"ScaleOverTime","isSingle","ScaleMonthlyIncome",16,86.2183908045977,97.1369863013699,29.2857142857144
"ScaleOverTime","isSingle","ScaleMonthlyIncome",17,86.0919540229886,96.9863013698629,29.2857142857144
"ScaleOverTime","isSingle","ScaleMonthlyIncome",18,85.864367816092,96.8534246575342,28.5642857142857
"ScaleOverTime","isSingle","ScaleMonthlyIncome",19,86.0919540229886,96.9863013698629,29.2857142857144
"ScaleOverTime","isSingle","ScaleMonthlyIncome",20,86.028735632184,96.9109589041096,29.2857142857144
"ScaleOverTime","isSingle","ScaleMonthlyIncome",21,86.206896551724,97.1232876712331,29.2857142857144
"ScaleOverTime","isSingle","ScaleMonthlyIncome",22,86.0885057471265,96.9821917808219,29.2857142857144
"ScaleOverTime","isSingle","ScaleMonthlyIncome",23,86.0919540229886,96.9863013698629,29.2857142857144
"ScaleOverTime","isSingle","ScaleMonthlyIncome",24,86.0954022988506,96.9191780821918,29.6571428571429
"ScaleOverTime","isSingle","ScaleMonthlyIncome",25,86.3218390804599,97.1232876712331,30
"ScaleOverTime","isSingle","ScaleMonthlyIncome",26,86.1252873563218,97.1232876712331,28.7785714285714
"ScaleOverTime","isSingle","ScaleMonthlyIncome",27,86.0919540229886,97.1232876712331,28.5714285714285
"ScaleOverTime","isSingle","ScaleMonthlyIncome",28,86.0344827586208,97.054794520548,28.5714285714286
"ScaleOverTime","isSingle","ScaleMonthlyIncome",29,85.8620689655173,96.9863013698629,27.8571428571429
"ScaleOverTime","isSingle","ScaleMonthlyIncome",30,86.1448275862069,97.2561643835616,28.2071428571429
"ScaleOverTime","isSingle","SO30",5,84.4827586206895,94.6575342465753,31.4285714285714
"ScaleOverTime","isSingle","SO30",6,84.4827586206895,94.6575342465753,31.4285714285714
"ScaleOverTime","isSingle","SO30",7,84.4827586206895,94.6575342465753,31.4285714285714
"ScaleOverTime","isSingle","SO30",8,84.4827586206895,94.6575342465753,31.4285714285714
"ScaleOverTime","isSingle","SO30",9,84.4827586206895,94.6575342465753,31.4285714285714
"ScaleOverTime","isSingle","SO30",10,84.4827586206895,94.6575342465753,31.4285714285714
"ScaleOverTime","isSingle","SO30",11,84.4827586206895,94.6575342465753,31.4285714285714
"ScaleOverTime","isSingle","SO30",12,84.4827586206895,94.6575342465753,31.4285714285714
"ScaleOverTime","isSingle","SO30",13,84.4827586206895,94.6575342465753,31.4285714285714
"ScaleOverTime","isSingle","SO30",14,84.4827586206895,94.6575342465753,31.4285714285714
"ScaleOverTime","isSingle","SO30",15,84.4827586206895,94.6575342465753,31.4285714285714
"ScaleOverTime","isSingle","SO30",16,84.4827586206895,94.6575342465753,31.4285714285714
"ScaleOverTime","isSingle","SO30",17,84.4827586206895,94.6575342465753,31.4285714285714
"ScaleOverTime","isSingle","SO30",18,84.4827586206895,94.6575342465753,31.4285714285714
"ScaleOverTime","isSingle","SO30",19,84.4827586206895,94.6575342465753,31.4285714285714
"ScaleOverTime","isSingle","SO30",20,84.4827586206895,94.6575342465753,31.4285714285714
"ScaleOverTime","isSingle","SO30",21,84.4827586206895,94.6575342465753,31.4285714285714
"ScaleOverTime","isSingle","SO30",22,84.4827586206895,94.6575342465753,31.4285714285714
"ScaleOverTime","isSingle","SO30",23,84.4827586206895,94.6575342465753,31.4285714285714
"ScaleOverTime","isSingle","SO30",24,84.4827586206895,94.6575342465753,31.4285714285714
"ScaleOverTime","isSingle","SO30",25,84.4827586206895,94.6575342465753,31.4285714285714
"ScaleOverTime","isSingle","SO30",26,84.4827586206895,94.6575342465753,31.4285714285714
"ScaleOverTime","isSingle","SO30",27,84.4827586206895,94.6575342465753,31.4285714285714
"ScaleOverTime","isSingle","SO30",28,84.4827586206895,94.6575342465753,31.4285714285714
"ScaleOverTime","isSingle","SO30",29,84.4827586206895,94.6575342465753,31.4285714285714
"ScaleOverTime","isSingle","SO30",30,84.4827586206895,94.6575342465753,31.4285714285714
"ScaleOverTime","isSingle","isTWY03",5,84.8724137931034,98.9575342465754,11.4285714285714
"ScaleOverTime","isSingle","isTWY03",6,84.8999999999999,98.9904109589042,11.4285714285714
"ScaleOverTime","isSingle","isTWY03",7,84.8528735632183,98.9342465753425,11.4285714285714
"ScaleOverTime","isSingle","isTWY03",8,84.8816091954023,98.9684931506849,11.4285714285714
"ScaleOverTime","isSingle","isTWY03",9,84.8758620689654,98.9616438356164,11.4285714285714
"ScaleOverTime","isSingle","isTWY03",10,84.8666666666666,98.9506849315069,11.4285714285714
"ScaleOverTime","isSingle","isTWY03",11,84.8574712643678,98.9397260273972,11.4285714285714
"ScaleOverTime","isSingle","isTWY03",12,84.8758620689654,98.9616438356165,11.4285714285714
"ScaleOverTime","isSingle","isTWY03",13,85.2873563218391,99.4520547945204,11.4285714285714
"ScaleOverTime","isSingle","isTWY03",14,85.2873563218391,99.4520547945204,11.4285714285714
"ScaleOverTime","isSingle","isTWY03",15,85.2873563218391,99.4520547945204,11.4285714285714
"ScaleOverTime","isSingle","isTWY03",16,85.2873563218391,99.4520547945204,11.4285714285714
"ScaleOverTime","isSingle","isTWY03",17,85.2873563218391,99.4520547945204,11.4285714285714
"ScaleOverTime","isSingle","isTWY03",18,85.2873563218391,99.4520547945204,11.4285714285714
"ScaleOverTime","isSingle","isTWY03",19,85.2873563218391,99.4520547945204,11.4285714285714
"ScaleOverTime","isSingle","isTWY03",20,85.2873563218391,99.4520547945204,11.4285714285714
"ScaleOverTime","isSingle","isTWY03",21,85.2873563218391,99.4520547945204,11.4285714285714
"ScaleOverTime","isSingle","isTWY03",22,85.2873563218391,99.4520547945204,11.4285714285714
"ScaleOverTime","isSingle","isTWY03",23,85.2873563218391,99.4520547945204,11.4285714285714
"ScaleOverTime","isSingle","isTWY03",24,85.2873563218391,99.4520547945204,11.4285714285714
"ScaleOverTime","isSingle","isTWY03",25,85.2873563218391,99.4520547945204,11.4285714285714
"ScaleOverTime","isSingle","isTWY03",26,85.2873563218391,99.4520547945204,11.4285714285714
"ScaleOverTime","isSingle","isTWY03",27,85.2873563218391,99.4520547945204,11.4285714285714
"ScaleOverTime","isSingle","isTWY03",28,85.2873563218391,99.4520547945204,11.4285714285714
"ScaleOverTime","isSingle","isTWY03",29,85.2873563218391,99.4520547945204,11.4285714285714
"ScaleOverTime","isSingle","isTWY03",30,85.2873563218391,99.4520547945204,11.4285714285714
"ScaleOverTime","isSingle","ScaleYearsWithCurrManager",5,85.5172413793103,97.8082191780824,21.4285714285714
"ScaleOverTime","isSingle","ScaleYearsWithCurrManager",6,85.6321839080461,98.0821917808218,20.7142857142857
"ScaleOverTime","isSingle","ScaleYearsWithCurrManager",7,85.448275862069,98.0821917808218,19.5714285714286
"ScaleOverTime","isSingle","ScaleYearsWithCurrManager",8,85.4551724137931,98.0821917808218,19.6142857142857
"ScaleOverTime","isSingle","ScaleYearsWithCurrManager",9,85.4413793103449,98.0821917808218,19.5285714285714
"ScaleOverTime","isSingle","ScaleYearsWithCurrManager",10,85.5781609195403,98.0821917808218,20.3785714285714
"ScaleOverTime","isSingle","ScaleYearsWithCurrManager",11,85.4505747126437,97.9328767123288,20.3642857142857
"ScaleOverTime","isSingle","ScaleYearsWithCurrManager",12,85.464367816092,97.9547945205479,20.3357142857143
"ScaleOverTime","isSingle","ScaleYearsWithCurrManager",13,84.9885057471264,97.9561643835617,17.3714285714286
"ScaleOverTime","isSingle","ScaleYearsWithCurrManager",14,85.0183908045976,97.941095890411,17.6357142857143
"ScaleOverTime","isSingle","ScaleYearsWithCurrManager",15,85.1620689655172,98.3506849315069,16.3928571428571
"ScaleOverTime","isSingle","ScaleYearsWithCurrManager",16,85.1793103448276,98.3520547945206,16.4928571428571
"ScaleOverTime","isSingle","ScaleYearsWithCurrManager",17,85.1528735632183,99.0178082191781,12.8571428571428
"ScaleOverTime","isSingle","ScaleYearsWithCurrManager",18,85.0126436781609,98.8506849315069,12.8571428571428
"ScaleOverTime","isSingle","ScaleYearsWithCurrManager",19,85.0091954022988,98.8465753424658,12.8571428571428
"ScaleOverTime","isSingle","ScaleYearsWithCurrManager",20,84.9793103448275,98.8109589041096,12.8571428571428
"ScaleOverTime","isSingle","ScaleYearsWithCurrManager",21,85.1022988505746,98.9575342465754,12.8571428571428
"ScaleOverTime","isSingle","ScaleYearsWithCurrManager",22,85.0965517241379,98.9506849315069,12.8571428571428
"ScaleOverTime","isSingle","ScaleYearsWithCurrManager",23,85.1080459770115,98.9643835616439,12.8571428571428
"ScaleOverTime","isSingle","ScaleYearsWithCurrManager",24,85.1149425287356,98.972602739726,12.8571428571428
"ScaleOverTime","isSingle","ScaleYearsWithCurrManager",25,85.2873563218391,99.178082191781,12.8571428571428
"ScaleOverTime","isSingle","ScaleYearsWithCurrManager",26,85.2873563218391,99.178082191781,12.8571428571428
"ScaleOverTime","isSingle","ScaleYearsWithCurrManager",27,85.2873563218391,99.178082191781,12.8571428571428
"ScaleOverTime","isSingle","ScaleYearsWithCurrManager",28,85.2873563218391,99.178082191781,12.8571428571428
"ScaleOverTime","isSingle","ScaleYearsWithCurrManager",29,84.7126436781608,97.5342465753427,17.8571428571429
"ScaleOverTime","isSingle","ScaleYearsWithCurrManager",30,84.7126436781608,97.5342465753427,17.8571428571429
"ScaleOverTime","ScaleMonthlyIncome","SO30",5,84.2528735632185,94.5205479452056,30.7142857142857
"ScaleOverTime","ScaleMonthlyIncome","SO30",6,84.1758620689655,94.4424657534247,30.6428571428572
"ScaleOverTime","ScaleMonthlyIncome","SO30",7,85.0574712643677,95.4794520547946,30.7142857142857
"ScaleOverTime","ScaleMonthlyIncome","SO30",8,85.087356321839,95.0232876712329,33.2785714285714
"ScaleOverTime","ScaleMonthlyIncome","SO30",9,84.9425287356321,95.0684931506852,32.1428571428572
"ScaleOverTime","ScaleMonthlyIncome","SO30",10,84.6080459770115,95.4068493150685,28.3
"ScaleOverTime","ScaleMonthlyIncome","SO30",11,84.022988505747,95.4794520547946,24.2857142857143
"ScaleOverTime","ScaleMonthlyIncome","SO30",12,84.7574712643678,96.1,25.6142857142857
"ScaleOverTime","ScaleMonthlyIncome","SO30",13,83.9080459770116,95.7534246575345,22.1428571428571
"ScaleOverTime","ScaleMonthlyIncome","SO30",14,84.8471264367816,96.7246575342466,22.9142857142857
"ScaleOverTime","ScaleMonthlyIncome","SO30",15,85.2873563218391,97.1232876712331,23.5714285714285
"ScaleOverTime","ScaleMonthlyIncome","SO30",16,85.1781609195401,96.9150684931507,23.9785714285714
"ScaleOverTime","ScaleMonthlyIncome","SO30",17,85.5666666666667,97.5342465753427,23.1642857142857
"ScaleOverTime","ScaleMonthlyIncome","SO30",18,85.9183908045977,97.6520547945206,24.7357142857143
"ScaleOverTime","ScaleMonthlyIncome","SO30",19,85.4022988505747,97.3972602739725,22.8571428571428
"ScaleOverTime","ScaleMonthlyIncome","SO30",20,85.8206896551725,97.6986301369864,23.8857142857143
"ScaleOverTime","ScaleMonthlyIncome","SO30",21,85.8057471264368,97.8082191780824,23.2214285714285
"ScaleOverTime","ScaleMonthlyIncome","SO30",22,85.9344827586208,97.7630136986302,24.2571428571428
"ScaleOverTime","ScaleMonthlyIncome","SO30",23,86.3218390804599,97.9452054794521,25.7142857142857
"ScaleOverTime","ScaleMonthlyIncome","SO30",24,86.1563218390804,97.8794520547946,25.0285714285714
"ScaleOverTime","ScaleMonthlyIncome","SO30",25,86.3218390804599,97.9452054794521,25.7142857142857
"ScaleOverTime","ScaleMonthlyIncome","SO30",26,86.2563218390805,97.9452054794521,25.3071428571428
"ScaleOverTime","ScaleMonthlyIncome","SO30",27,86.3218390804599,97.9452054794521,25.7142857142857
"ScaleOverTime","ScaleMonthlyIncome","SO30",28,86.2620689655172,97.8739726027399,25.7142857142857
"ScaleOverTime","ScaleMonthlyIncome","SO30",29,86.3218390804599,97.9452054794521,25.7142857142857
"ScaleOverTime","ScaleMonthlyIncome","SO30",30,86.2724137931035,97.8863013698631,25.7142857142857
"ScaleOverTime","ScaleMonthlyIncome","isTWY03",5,83.6597701149426,95.4575342465753,22.1428571428571
"ScaleOverTime","ScaleMonthlyIncome","isTWY03",6,83.4666666666667,94.9013698630137,23.8428571428571
"ScaleOverTime","ScaleMonthlyIncome","isTWY03",7,85.348275862069,96.3739726027398,27.8571428571429
"ScaleOverTime","ScaleMonthlyIncome","isTWY03",8,84.9103448275862,96.2616438356165,25.7214285714286
"ScaleOverTime","ScaleMonthlyIncome","isTWY03",9,85.2988505747126,96.5178082191782,26.8000000000001
"ScaleOverTime","ScaleMonthlyIncome","isTWY03",10,85.4034482758621,96.4835616438357,27.6285714285714
"ScaleOverTime","ScaleMonthlyIncome","isTWY03",11,85.5172413793103,96.7123287671232,27.1428571428572
"ScaleOverTime","ScaleMonthlyIncome","isTWY03",12,85.5344827586207,96.7958904109589,26.8142857142858
"ScaleOverTime","ScaleMonthlyIncome","isTWY03",13,85.5172413793103,96.5753424657535,27.8571428571429
"ScaleOverTime","ScaleMonthlyIncome","isTWY03",14,85.8517241379311,96.9191780821918,28.1428571428571
"ScaleOverTime","ScaleMonthlyIncome","isTWY03",15,86.206896551724,97.2602739726028,28.5714285714285
"ScaleOverTime","ScaleMonthlyIncome","isTWY03",16,86.032183908046,97.3356164383561,27.0928571428572
"ScaleOverTime","ScaleMonthlyIncome","isTWY03",17,85.977011494253,97.3972602739725,26.4285714285715
"ScaleOverTime","ScaleMonthlyIncome","isTWY03",18,85.964367816092,97.2520547945206,27.1071428571429
"ScaleOverTime","ScaleMonthlyIncome","isTWY03",19,86.206896551724,97.2602739726028,28.5714285714285
"ScaleOverTime","ScaleMonthlyIncome","isTWY03",20,86.148275862069,97.3191780821918,27.9
"ScaleOverTime","ScaleMonthlyIncome","isTWY03",21,86.0919540229886,97.2602739726028,27.8571428571429
"ScaleOverTime","ScaleMonthlyIncome","isTWY03",22,86.0333333333334,97.2712328767124,27.4357142857143
"ScaleOverTime","ScaleMonthlyIncome","isTWY03",23,85.977011494253,97.3972602739725,26.4285714285715
"ScaleOverTime","ScaleMonthlyIncome","isTWY03",24,85.9770114942529,97.2479452054795,27.2071428571429
"ScaleOverTime","ScaleMonthlyIncome","isTWY03",25,86.044827586207,97.3410958904109,27.1428571428572
"ScaleOverTime","ScaleMonthlyIncome","isTWY03",26,86.0390804597701,97.3301369863013,27.1642857142858
"ScaleOverTime","ScaleMonthlyIncome","isTWY03",27,85.977011494253,97.3972602739725,26.4285714285715
"ScaleOverTime","ScaleMonthlyIncome","isTWY03",28,86.0172413793104,97.3164383561644,27.1
"ScaleOverTime","ScaleMonthlyIncome","isTWY03",29,85.977011494253,97.3972602739725,26.4285714285715
"ScaleOverTime","ScaleMonthlyIncome","isTWY03",30,86.0183908045978,97.386301369863,26.7428571428572
"ScaleOverTime","ScaleMonthlyIncome","ScaleYearsWithCurrManager",5,85.8080459770115,97.195890410959,26.4285714285715
"ScaleOverTime","ScaleMonthlyIncome","ScaleYearsWithCurrManager",6,85.5425287356322,96.886301369863,26.3928571428572
"ScaleOverTime","ScaleMonthlyIncome","ScaleYearsWithCurrManager",7,85.8666666666667,97.5397260273973,25
"ScaleOverTime","ScaleMonthlyIncome","ScaleYearsWithCurrManager",8,85.3862068965517,97.1657534246575,23.9642857142857
"ScaleOverTime","ScaleMonthlyIncome","ScaleYearsWithCurrManager",9,86.0919540229886,98.0821917808218,23.5714285714285
"ScaleOverTime","ScaleMonthlyIncome","ScaleYearsWithCurrManager",10,85.7068965517242,97.7630136986302,22.8428571428571
"ScaleOverTime","ScaleMonthlyIncome","ScaleYearsWithCurrManager",11,85.7471264367817,97.9452054794521,22.1428571428571
"ScaleOverTime","ScaleMonthlyIncome","ScaleYearsWithCurrManager",12,85.6471264367816,97.9520547945206,21.4857142857143
"ScaleOverTime","ScaleMonthlyIncome","ScaleYearsWithCurrManager",13,85.1724137931034,98.219178082192,17.1428571428571
"ScaleOverTime","ScaleMonthlyIncome","ScaleYearsWithCurrManager",14,85.7781609195403,98.6424657534247,18.7
"ScaleOverTime","ScaleMonthlyIncome","ScaleYearsWithCurrManager",15,85.7471264367817,98.6301369863014,18.5714285714286
"ScaleOverTime","ScaleMonthlyIncome","ScaleYearsWithCurrManager",16,85.764367816092,98.7835616438356,17.8785714285714
"ScaleOverTime","ScaleMonthlyIncome","ScaleYearsWithCurrManager",17,85.7471264367817,98.9041095890413,17.1428571428571
"ScaleOverTime","ScaleMonthlyIncome","ScaleYearsWithCurrManager",18,85.8091954022989,98.9780821917808,17.1428571428571
"ScaleOverTime","ScaleMonthlyIncome","ScaleYearsWithCurrManager",19,85.9195402298851,99.1095890410959,17.1428571428571
"ScaleOverTime","ScaleMonthlyIncome","ScaleYearsWithCurrManager",20,85.7931034482759,98.9589041095891,17.1428571428571
"ScaleOverTime","ScaleMonthlyIncome","ScaleYearsWithCurrManager",21,85.8609195402299,99.0397260273972,17.1428571428571
"ScaleOverTime","ScaleMonthlyIncome","ScaleYearsWithCurrManager",22,85.8022988505748,98.9698630136987,17.1428571428571
"ScaleOverTime","ScaleMonthlyIncome","ScaleYearsWithCurrManager",23,85.977011494253,99.178082191781,17.1428571428571
"ScaleOverTime","ScaleMonthlyIncome","ScaleYearsWithCurrManager",24,85.977011494253,99.178082191781,17.1428571428571
"ScaleOverTime","ScaleMonthlyIncome","ScaleYearsWithCurrManager",25,85.977011494253,99.178082191781,17.1428571428571
"ScaleOverTime","ScaleMonthlyIncome","ScaleYearsWithCurrManager",26,85.7494252873564,98.9068493150685,17.1428571428571
"ScaleOverTime","ScaleMonthlyIncome","ScaleYearsWithCurrManager",27,85.7471264367817,98.9041095890413,17.1428571428571
"ScaleOverTime","ScaleMonthlyIncome","ScaleYearsWithCurrManager",28,85.7471264367817,98.9041095890413,17.1428571428571
"ScaleOverTime","ScaleMonthlyIncome","ScaleYearsWithCurrManager",29,85.7471264367817,98.9041095890413,17.1428571428571
"ScaleOverTime","ScaleMonthlyIncome","ScaleYearsWithCurrManager",30,85.6229885057472,98.7561643835616,17.1428571428571
"ScaleOverTime","SO30","isTWY03",5,85.6321839080461,99.3150684931507,14.2857142857143
"ScaleOverTime","SO30","isTWY03",6,85.6321839080461,99.3150684931507,14.2857142857143
"ScaleOverTime","SO30","isTWY03",7,85.6321839080461,99.3150684931507,14.2857142857143
"ScaleOverTime","SO30","isTWY03",8,85.6321839080461,99.3150684931507,14.2857142857143
"ScaleOverTime","SO30","isTWY03",9,85.6321839080461,99.3150684931507,14.2857142857143
"ScaleOverTime","SO30","isTWY03",10,85.6321839080461,99.3150684931507,14.2857142857143
"ScaleOverTime","SO30","isTWY03",11,85.6321839080461,99.3150684931507,14.2857142857143
"ScaleOverTime","SO30","isTWY03",12,85.6321839080461,99.3150684931507,14.2857142857143
"ScaleOverTime","SO30","isTWY03",13,85.6321839080461,99.3150684931507,14.2857142857143
"ScaleOverTime","SO30","isTWY03",14,85.6321839080461,99.3150684931507,14.2857142857143
"ScaleOverTime","SO30","isTWY03",15,85.6321839080461,99.3150684931507,14.2857142857143
"ScaleOverTime","SO30","isTWY03",16,85.6321839080461,99.3150684931507,14.2857142857143
"ScaleOverTime","SO30","isTWY03",17,85.6321839080461,99.3150684931507,14.2857142857143
"ScaleOverTime","SO30","isTWY03",18,85.6321839080461,99.3150684931507,14.2857142857143
"ScaleOverTime","SO30","isTWY03",19,85.6321839080461,99.3150684931507,14.2857142857143
"ScaleOverTime","SO30","isTWY03",20,85.6321839080461,99.3150684931507,14.2857142857143
"ScaleOverTime","SO30","isTWY03",21,85.6321839080461,99.3150684931507,14.2857142857143
"ScaleOverTime","SO30","isTWY03",22,85.6321839080461,99.3150684931507,14.2857142857143
"ScaleOverTime","SO30","isTWY03",23,85.6321839080461,99.3150684931507,14.2857142857143
"ScaleOverTime","SO30","isTWY03",24,85.6321839080461,99.3150684931507,14.2857142857143
"ScaleOverTime","SO30","isTWY03",25,83.9080459770116,100,0
"ScaleOverTime","SO30","isTWY03",26,83.9080459770116,100,0
"ScaleOverTime","SO30","isTWY03",27,83.9080459770116,100,0
"ScaleOverTime","SO30","isTWY03",28,83.9080459770116,100,0
"ScaleOverTime","SO30","isTWY03",29,83.9080459770116,100,0
"ScaleOverTime","SO30","isTWY03",30,83.9080459770116,100,0
"ScaleOverTime","SO30","ScaleYearsWithCurrManager",5,84.7793103448275,95.6794520547946,27.9428571428572
"ScaleOverTime","SO30","ScaleYearsWithCurrManager",6,84.7701149425287,95.6849315068494,27.8571428571429
"ScaleOverTime","SO30","ScaleYearsWithCurrManager",7,84.771264367816,95.6876712328768,27.85
"ScaleOverTime","SO30","ScaleYearsWithCurrManager",8,84.612643678161,95.7712328767125,26.4285714285715
"ScaleOverTime","SO30","ScaleYearsWithCurrManager",9,84.7091954022988,95.886301369863,26.4285714285715
"ScaleOverTime","SO30","ScaleYearsWithCurrManager",10,84.719540229885,95.8986301369864,26.4285714285715
"ScaleOverTime","SO30","ScaleYearsWithCurrManager",11,84.7241379310344,95.9041095890412,26.4285714285715
"ScaleOverTime","SO30","ScaleYearsWithCurrManager",12,85.4172413793104,96.7301369863013,26.4285714285715
"ScaleOverTime","SO30","ScaleYearsWithCurrManager",13,85.1586206896551,96.5000000000001,26.0214285714286
"ScaleOverTime","SO30","ScaleYearsWithCurrManager",14,85.1770114942529,96.5178082191781,26.0428571428572
"ScaleOverTime","SO30","ScaleYearsWithCurrManager",15,85.1747126436781,96.5054794520549,26.0928571428572
"ScaleOverTime","SO30","ScaleYearsWithCurrManager",16,85.1781609195402,96.5136986301371,26.0714285714286
"ScaleOverTime","SO30","ScaleYearsWithCurrManager",17,85.1103448275861,96.5013698630138,25.7142857142857
"ScaleOverTime","SO30","ScaleYearsWithCurrManager",18,85.1218390804597,96.5150684931507,25.7142857142857
"ScaleOverTime","SO30","ScaleYearsWithCurrManager",19,85.1057471264367,96.4958904109589,25.7142857142857
"ScaleOverTime","SO30","ScaleYearsWithCurrManager",20,84.5241379310344,97.172602739726,18.5714285714286
"ScaleOverTime","SO30","ScaleYearsWithCurrManager",21,84.4609195402298,97.0972602739726,18.5714285714286
"ScaleOverTime","SO30","ScaleYearsWithCurrManager",22,84.4758620689655,97.1150684931507,18.5714285714286
"ScaleOverTime","SO30","ScaleYearsWithCurrManager",23,84.5988505747126,97.3328767123288,18.2
"ScaleOverTime","SO30","ScaleYearsWithCurrManager",24,84.5965517241378,97.3205479452055,18.25
"ScaleOverTime","SO30","ScaleYearsWithCurrManager",25,85.1126436781609,97.9452054794521,18.2
"ScaleOverTime","SO30","ScaleYearsWithCurrManager",26,85.2379310344827,98.0821917808218,18.2642857142857
"ScaleOverTime","SO30","ScaleYearsWithCurrManager",27,85.2310344827586,98.0821917808218,18.2214285714286
"ScaleOverTime","SO30","ScaleYearsWithCurrManager",28,85.232183908046,98.0821917808218,18.2285714285714
"ScaleOverTime","SO30","ScaleYearsWithCurrManager",29,85.2379310344828,98.0821917808218,18.2642857142857
"ScaleOverTime","SO30","ScaleYearsWithCurrManager",30,85.2252873563219,98.0821917808218,18.1857142857143
"ScaleOverTime","isTWY03","ScaleYearsWithCurrManager",5,85.4022988505747,99.3150684931507,12.8571428571428
"ScaleOverTime","isTWY03","ScaleYearsWithCurrManager",6,85.4022988505747,99.3150684931507,12.8571428571428
"ScaleOverTime","isTWY03","ScaleYearsWithCurrManager",7,85.4022988505747,99.3150684931507,12.8571428571428
"ScaleOverTime","isTWY03","ScaleYearsWithCurrManager",8,85.4022988505747,99.3150684931507,12.8571428571428
"ScaleOverTime","isTWY03","ScaleYearsWithCurrManager",9,85.4022988505747,99.3150684931507,12.8571428571428
"ScaleOverTime","isTWY03","ScaleYearsWithCurrManager",10,85.4022988505747,99.3150684931507,12.8571428571428
"ScaleOverTime","isTWY03","ScaleYearsWithCurrManager",11,85.4022988505747,99.3150684931507,12.8571428571428
"ScaleOverTime","isTWY03","ScaleYearsWithCurrManager",12,85.1724137931034,98.4931506849317,15.7142857142857
"ScaleOverTime","isTWY03","ScaleYearsWithCurrManager",13,85.1724137931034,98.4931506849317,15.7142857142857
"ScaleOverTime","isTWY03","ScaleYearsWithCurrManager",14,85.1724137931034,98.4931506849317,15.7142857142857
"ScaleOverTime","isTWY03","ScaleYearsWithCurrManager",15,85.1724137931034,98.4931506849317,15.7142857142857
"ScaleOverTime","isTWY03","ScaleYearsWithCurrManager",16,85.1724137931034,98.4931506849317,15.7142857142857
"ScaleOverTime","isTWY03","ScaleYearsWithCurrManager",17,85.1724137931034,98.4931506849317,15.7142857142857
"ScaleOverTime","isTWY03","ScaleYearsWithCurrManager",18,85.1724137931034,98.4931506849317,15.7142857142857
"ScaleOverTime","isTWY03","ScaleYearsWithCurrManager",19,85.1724137931034,98.4931506849317,15.7142857142857
"ScaleOverTime","isTWY03","ScaleYearsWithCurrManager",20,85.1724137931034,98.4931506849317,15.7142857142857
"ScaleOverTime","isTWY03","ScaleYearsWithCurrManager",21,85.1724137931034,98.4931506849317,15.7142857142857
"ScaleOverTime","isTWY03","ScaleYearsWithCurrManager",22,85.1724137931034,98.4931506849317,15.7142857142857
"ScaleOverTime","isTWY03","ScaleYearsWithCurrManager",23,85.1724137931034,98.4931506849317,15.7142857142857
"ScaleOverTime","isTWY03","ScaleYearsWithCurrManager",24,85.1724137931034,98.4931506849317,15.7142857142857
"ScaleOverTime","isTWY03","ScaleYearsWithCurrManager",25,85.1724137931034,98.4931506849317,15.7142857142857
"ScaleOverTime","isTWY03","ScaleYearsWithCurrManager",26,85.1724137931034,98.4931506849317,15.7142857142857
"ScaleOverTime","isTWY03","ScaleYearsWithCurrManager",27,85.1724137931034,98.4931506849317,15.7142857142857
"ScaleOverTime","isTWY03","ScaleYearsWithCurrManager",28,85.1724137931034,98.4931506849317,15.7142857142857
"ScaleOverTime","isTWY03","ScaleYearsWithCurrManager",29,85.1724137931034,98.4931506849317,15.7142857142857
"ScaleOverTime","isTWY03","ScaleYearsWithCurrManager",30,85.1724137931034,98.4931506849317,15.7142857142857
"isJL1","isSingle","ScaleMonthlyIncome",5,82.4770114942529,95.5547945205479,14.2857142857143
"isJL1","isSingle","ScaleMonthlyIncome",6,82.6816091954023,95.7917808219179,14.3214285714286
"isJL1","isSingle","ScaleMonthlyIncome",7,83.7344827586207,97.1904109589042,13.5714285714286
"isJL1","isSingle","ScaleMonthlyIncome",8,83.3793103448276,97.0205479452055,12.25
"isJL1","isSingle","ScaleMonthlyIncome",9,84.022988505747,97.6712328767122,12.8571428571428
"isJL1","isSingle","ScaleMonthlyIncome",10,83.9390804597701,97.7246575342466,12.0571428571428
"isJL1","isSingle","ScaleMonthlyIncome",11,83.728735632184,98.1424657534247,8.57142857142856
"isJL1","isSingle","ScaleMonthlyIncome",12,83.9264367816092,98.5219178082192,7.82142857142856
"isJL1","isSingle","ScaleMonthlyIncome",13,83.5632183908046,98.4931506849317,5.7142857142857
"isJL1","isSingle","ScaleMonthlyIncome",14,83.8505747126437,98.6342465753425,6.76428571428571
"isJL1","isSingle","ScaleMonthlyIncome",15,83.9080459770116,98.9041095890413,5.7142857142857
"isJL1","isSingle","ScaleMonthlyIncome",16,84.0149425287356,98.9739726027397,6.0142857142857
"isJL1","isSingle","ScaleMonthlyIncome",17,84.1436781609196,98.9753424657534,6.80714285714285
"isJL1","isSingle","ScaleMonthlyIncome",18,84.0022988505747,98.8178082191781,6.74999999999999
"isJL1","isSingle","ScaleMonthlyIncome",19,83.7931034482759,98.7671232876711,5.7142857142857
"isJL1","isSingle","ScaleMonthlyIncome",20,84.0126436781609,99.0232876712329,5.74285714285713
"isJL1","isSingle","ScaleMonthlyIncome",21,84.0804597701149,99.2465753424658,4.99999999999999
"isJL1","isSingle","ScaleMonthlyIncome",22,84.1275862068966,99.0904109589041,6.10714285714284
"isJL1","isSingle","ScaleMonthlyIncome",23,84.3678160919539,99.4520547945204,5.7142857142857
"isJL1","isSingle","ScaleMonthlyIncome",24,84.1988505747127,99.3178082191781,5.3642857142857
"isJL1","isSingle","ScaleMonthlyIncome",25,84.3678160919539,99.5890410958906,4.99999999999999
"isJL1","isSingle","ScaleMonthlyIncome",26,84.2954022988505,99.4438356164383,5.30714285714285
"isJL1","isSingle","ScaleMonthlyIncome",27,84.4264367816091,99.5219178082192,5.7142857142857
"isJL1","isSingle","ScaleMonthlyIncome",28,84.0103448275863,99.0260273972603,5.7142857142857
"isJL1","isSingle","ScaleMonthlyIncome",29,83.9080459770116,98.9041095890413,5.7142857142857
"isJL1","isSingle","ScaleMonthlyIncome",30,84.0505747126437,99.0739726027398,5.7142857142857
"isJL1","isSingle","SO30",5,83.9080459770116,100,0
"isJL1","isSingle","SO30",6,83.9080459770116,100,0
"isJL1","isSingle","SO30",7,83.9080459770116,100,0
"isJL1","isSingle","SO30",8,83.9080459770116,100,0
"isJL1","isSingle","SO30",9,83.9080459770116,100,0
"isJL1","isSingle","SO30",10,83.9080459770116,100,0
"isJL1","isSingle","SO30",11,83.9080459770116,100,0
"isJL1","isSingle","SO30",12,83.9080459770116,100,0
"isJL1","isSingle","SO30",13,83.9080459770116,100,0
"isJL1","isSingle","SO30",14,83.9080459770116,100,0
"isJL1","isSingle","SO30",15,83.9080459770116,100,0
"isJL1","isSingle","SO30",16,83.9080459770116,100,0
"isJL1","isSingle","SO30",17,83.9080459770116,100,0
"isJL1","isSingle","SO30",18,83.9080459770116,100,0
"isJL1","isSingle","SO30",19,83.9080459770116,100,0
"isJL1","isSingle","SO30",20,83.9080459770116,100,0
"isJL1","isSingle","SO30",21,83.9080459770116,100,0
"isJL1","isSingle","SO30",22,83.9080459770116,100,0
"isJL1","isSingle","SO30",23,83.9080459770116,100,0
"isJL1","isSingle","SO30",24,83.9080459770116,100,0
"isJL1","isSingle","SO30",25,83.9080459770116,100,0
"isJL1","isSingle","SO30",26,83.9080459770116,100,0
"isJL1","isSingle","SO30",27,83.9080459770116,100,0
"isJL1","isSingle","SO30",28,83.9080459770116,100,0
"isJL1","isSingle","SO30",29,83.9080459770116,100,0
"isJL1","isSingle","SO30",30,83.9080459770116,100,0
"isJL1","isSingle","isTWY03",5,84.7126436781608,97.3972602739725,18.5714285714286
"isJL1","isSingle","isTWY03",6,84.7126436781608,97.3972602739725,18.5714285714286
"isJL1","isSingle","isTWY03",7,84.7126436781608,97.3972602739725,18.5714285714286
"isJL1","isSingle","isTWY03",8,84.7126436781608,97.3972602739725,18.5714285714286
"isJL1","isSingle","isTWY03",9,84.7126436781608,97.3972602739725,18.5714285714286
"isJL1","isSingle","isTWY03",10,84.7126436781608,97.3972602739725,18.5714285714286
"isJL1","isSingle","isTWY03",11,84.7126436781608,97.3972602739725,18.5714285714286
"isJL1","isSingle","isTWY03",12,84.7126436781608,97.3972602739725,18.5714285714286
"isJL1","isSingle","isTWY03",13,84.7126436781608,97.3972602739725,18.5714285714286
"isJL1","isSingle","isTWY03",14,84.7126436781608,97.3972602739725,18.5714285714286
"isJL1","isSingle","isTWY03",15,84.7126436781608,97.3972602739725,18.5714285714286
"isJL1","isSingle","isTWY03",16,84.7126436781608,97.3972602739725,18.5714285714286
"isJL1","isSingle","isTWY03",17,84.7126436781608,97.3972602739725,18.5714285714286
"isJL1","isSingle","isTWY03",18,84.7126436781608,97.3972602739725,18.5714285714286
"isJL1","isSingle","isTWY03",19,84.7126436781608,97.3972602739725,18.5714285714286
"isJL1","isSingle","isTWY03",20,84.7126436781608,97.3972602739725,18.5714285714286
"isJL1","isSingle","isTWY03",21,84.7126436781608,97.3972602739725,18.5714285714286
"isJL1","isSingle","isTWY03",22,84.7126436781608,97.3972602739725,18.5714285714286
"isJL1","isSingle","isTWY03",23,84.7126436781608,97.3972602739725,18.5714285714286
"isJL1","isSingle","isTWY03",24,84.7126436781608,97.3972602739725,18.5714285714286
"isJL1","isSingle","isTWY03",25,84.7126436781608,97.3972602739725,18.5714285714286
"isJL1","isSingle","isTWY03",26,84.7126436781608,97.3972602739725,18.5714285714286
"isJL1","isSingle","isTWY03",27,84.7126436781608,97.3972602739725,18.5714285714286
"isJL1","isSingle","isTWY03",28,84.7126436781608,97.3972602739725,18.5714285714286
"isJL1","isSingle","isTWY03",29,84.7126436781608,97.3972602739725,18.5714285714286
"isJL1","isSingle","isTWY03",30,84.7126436781608,97.3972602739725,18.5714285714286
"isJL1","isSingle","ScaleYearsWithCurrManager",5,85.1724137931034,97.9452054794521,18.5714285714286
"isJL1","isSingle","ScaleYearsWithCurrManager",6,85.1724137931034,97.9452054794521,18.5714285714286
"isJL1","isSingle","ScaleYearsWithCurrManager",7,85.1724137931034,97.9452054794521,18.5714285714286
"isJL1","isSingle","ScaleYearsWithCurrManager",8,85.1724137931034,97.9452054794521,18.5714285714286
"isJL1","isSingle","ScaleYearsWithCurrManager",9,85.1724137931034,97.9452054794521,18.5714285714286
"isJL1","isSingle","ScaleYearsWithCurrManager",10,85.1724137931034,97.9452054794521,18.5714285714286
"isJL1","isSingle","ScaleYearsWithCurrManager",11,85.1724137931034,97.9452054794521,18.5714285714286
"isJL1","isSingle","ScaleYearsWithCurrManager",12,85.1724137931034,97.9452054794521,18.5714285714286
"isJL1","isSingle","ScaleYearsWithCurrManager",13,85.1724137931034,97.9452054794521,18.5714285714286
"isJL1","isSingle","ScaleYearsWithCurrManager",14,85.1724137931034,97.9452054794521,18.5714285714286
"isJL1","isSingle","ScaleYearsWithCurrManager",15,85.1724137931034,97.9452054794521,18.5714285714286
"isJL1","isSingle","ScaleYearsWithCurrManager",16,85.1724137931034,97.9452054794521,18.5714285714286
"isJL1","isSingle","ScaleYearsWithCurrManager",17,85.1724137931034,97.9452054794521,18.5714285714286
"isJL1","isSingle","ScaleYearsWithCurrManager",18,85.1724137931034,97.9452054794521,18.5714285714286
"isJL1","isSingle","ScaleYearsWithCurrManager",19,85.1724137931034,97.9452054794521,18.5714285714286
"isJL1","isSingle","ScaleYearsWithCurrManager",20,85.1724137931034,97.9452054794521,18.5714285714286
"isJL1","isSingle","ScaleYearsWithCurrManager",21,85.1724137931034,97.9452054794521,18.5714285714286
"isJL1","isSingle","ScaleYearsWithCurrManager",22,85.1724137931034,97.9452054794521,18.5714285714286
"isJL1","isSingle","ScaleYearsWithCurrManager",23,85.1724137931034,97.9452054794521,18.5714285714286
"isJL1","isSingle","ScaleYearsWithCurrManager",24,85.1724137931034,97.9452054794521,18.5714285714286
"isJL1","isSingle","ScaleYearsWithCurrManager",25,85.1724137931034,97.9452054794521,18.5714285714286
"isJL1","isSingle","ScaleYearsWithCurrManager",26,85.1724137931034,97.9452054794521,18.5714285714286
"isJL1","isSingle","ScaleYearsWithCurrManager",27,85.1724137931034,97.9452054794521,18.5714285714286
"isJL1","isSingle","ScaleYearsWithCurrManager",28,85.1724137931034,97.9452054794521,18.5714285714286
"isJL1","isSingle","ScaleYearsWithCurrManager",29,85.1724137931034,97.9452054794521,18.5714285714286
"isJL1","isSingle","ScaleYearsWithCurrManager",30,85.1724137931034,97.9452054794521,18.5714285714286
"isJL1","ScaleMonthlyIncome","SO30",5,82.4632183908046,95.8863013698631,12.4714285714286
"isJL1","ScaleMonthlyIncome","SO30",6,82.6850574712644,96.1013698630137,12.7285714285714
"isJL1","ScaleMonthlyIncome","SO30",7,82.5344827586206,96.1712328767123,11.4285714285714
"isJL1","ScaleMonthlyIncome","SO30",8,82.8103448275862,96.2465753424657,12.75
"isJL1","ScaleMonthlyIncome","SO30",9,82.7701149425287,96.231506849315,12.5785714285714
"isJL1","ScaleMonthlyIncome","SO30",10,83.1609195402299,96.5904109589041,13.1357142857143
"isJL1","ScaleMonthlyIncome","SO30",11,83.2873563218391,97.1986301369864,10.75
"isJL1","ScaleMonthlyIncome","SO30",12,83.0758620689655,97.0356164383562,10.2857142857143
"isJL1","ScaleMonthlyIncome","SO30",13,83.2206896551724,97.6013698630137,8.23571428571427
"isJL1","ScaleMonthlyIncome","SO30",14,82.9632183908046,97.5246575342466,7.03571428571428
"isJL1","ScaleMonthlyIncome","SO30",15,83.296551724138,97.8082191780824,7.62857142857142
"isJL1","ScaleMonthlyIncome","SO30",16,83.248275862069,97.7123287671233,7.82857142857142
"isJL1","ScaleMonthlyIncome","SO30",17,83.2022988505747,98.0041095890411,6.02142857142856
"isJL1","ScaleMonthlyIncome","SO30",18,83.4402298850575,98.3013698630137,5.94999999999999
"isJL1","ScaleMonthlyIncome","SO30",19,83.8505747126437,98.7671232876711,6.07142857142856
"isJL1","ScaleMonthlyIncome","SO30",20,84.1195402298851,98.8506849315068,7.30714285714285
"isJL1","ScaleMonthlyIncome","SO30",21,84.4827586206895,99.178082191781,7.85714285714285
"isJL1","ScaleMonthlyIncome","SO30",22,84.3057471264368,99.0493150684932,7.42857142857142
"isJL1","ScaleMonthlyIncome","SO30",23,84.3689655172413,99.178082191781,7.14999999999999
"isJL1","ScaleMonthlyIncome","SO30",24,84.016091954023,99.3767123287671,3.92142857142857
"isJL1","ScaleMonthlyIncome","SO30",25,84.3091954022988,99.5191780821918,4.99999999999999
"isJL1","ScaleMonthlyIncome","SO30",26,83.9574712643678,99.3191780821918,3.85714285714285
"isJL1","ScaleMonthlyIncome","SO30",27,83.8517241379311,99.5219178082192,2.14285714285714
"isJL1","ScaleMonthlyIncome","SO30",28,83.9126436781609,99.6534246575342,1.83571428571428
"isJL1","ScaleMonthlyIncome","SO30",29,83.9080459770116,100,0
"isJL1","ScaleMonthlyIncome","SO30",30,83.9080459770116,100,0
"isJL1","ScaleMonthlyIncome","isTWY03",5,82.9344827586207,97.6068493150686,6.42857142857141
"isJL1","ScaleMonthlyIncome","isTWY03",6,82.0747126436782,96.7219178082192,5.69999999999999
"isJL1","ScaleMonthlyIncome","isTWY03",7,81.6551724137932,96.8986301369863,2.17142857142857
"isJL1","ScaleMonthlyIncome","isTWY03",8,82.0632183908046,97.0712328767124,3.80714285714285
"isJL1","ScaleMonthlyIncome","isTWY03",9,82.9885057471264,97.9452054794521,4.99999999999999
"isJL1","ScaleMonthlyIncome","isTWY03",10,82.8402298850575,97.8,4.83571428571428
"isJL1","ScaleMonthlyIncome","isTWY03",11,82.812643678161,98.1465753424658,2.85714285714285
"isJL1","ScaleMonthlyIncome","isTWY03",12,82.9402298850575,98.2178082191781,3.27857142857142
"isJL1","ScaleMonthlyIncome","isTWY03",13,82.5816091954022,98.282191780822,0.714285714285713
"isJL1","ScaleMonthlyIncome","isTWY03",14,83.0609195402299,98.5109589041096,2.5
"isJL1","ScaleMonthlyIncome","isTWY03",15,82.7034482758621,98.4931506849317,0.371428571428571
"isJL1","ScaleMonthlyIncome","isTWY03",16,83.1183908045977,98.7178082191781,1.77857142857143
"isJL1","ScaleMonthlyIncome","isTWY03",17,82.8218390804598,98.7054794520547,0
"isJL1","ScaleMonthlyIncome","isTWY03",18,83.2965517241379,98.8561643835617,2.16428571428571
"isJL1","ScaleMonthlyIncome","isTWY03",19,83.6126436781609,98.8260273972603,4.28571428571428
"isJL1","ScaleMonthlyIncome","isTWY03",20,83.6758620689656,98.9013698630137,4.28571428571428
"isJL1","ScaleMonthlyIncome","isTWY03",21,83.9080459770116,99.178082191781,4.28571428571428
"isJL1","ScaleMonthlyIncome","isTWY03",22,82.9908045977011,98.9068493150685,0
"isJL1","ScaleMonthlyIncome","isTWY03",23,82.9885057471264,98.9041095890413,0
"isJL1","ScaleMonthlyIncome","isTWY03",24,83.3724137931034,99.3616438356164,0
"isJL1","ScaleMonthlyIncome","isTWY03",25,83.9080459770116,100,0
"isJL1","ScaleMonthlyIncome","isTWY03",26,83.5080459770115,99.5232876712328,0
"isJL1","ScaleMonthlyIncome","isTWY03",27,83.9080459770116,100,0
"isJL1","ScaleMonthlyIncome","isTWY03",28,83.9080459770116,100,0
"isJL1","ScaleMonthlyIncome","isTWY03",29,83.9080459770116,100,0
"isJL1","ScaleMonthlyIncome","isTWY03",30,83.9080459770116,100,0
"isJL1","ScaleMonthlyIncome","ScaleYearsWithCurrManager",5,82.53908045977,96.313698630137,10.7142857142857
"isJL1","ScaleMonthlyIncome","ScaleYearsWithCurrManager",6,82.716091954023,96.9452054794521,8.52142857142856
"isJL1","ScaleMonthlyIncome","ScaleYearsWithCurrManager",7,83.3333333333333,97.3972602739725,9.99999999999998
"isJL1","ScaleMonthlyIncome","ScaleYearsWithCurrManager",8,83.3574712643678,97.3123287671233,10.5928571428571
"isJL1","ScaleMonthlyIncome","ScaleYearsWithCurrManager",9,83.8494252873564,97.8082191780824,11.0642857142857
"isJL1","ScaleMonthlyIncome","ScaleYearsWithCurrManager",10,83.4747126436782,97.5876712328768,9.88571428571428
"isJL1","ScaleMonthlyIncome","ScaleYearsWithCurrManager",11,83.9080459770116,97.8082191780824,11.4285714285714
"isJL1","ScaleMonthlyIncome","ScaleYearsWithCurrManager",12,83.5344827586207,97.7260273972604,9.53571428571428
"isJL1","ScaleMonthlyIncome","ScaleYearsWithCurrManager",13,83.5034482758621,97.3260273972603,11.4285714285714
"isJL1","ScaleMonthlyIncome","ScaleYearsWithCurrManager",14,83.9034482758621,97.827397260274,11.3
"isJL1","ScaleMonthlyIncome","ScaleYearsWithCurrManager",15,83.6195402298851,97.3972602739725,11.7785714285714
"isJL1","ScaleMonthlyIncome","ScaleYearsWithCurrManager",16,83.6850574712644,97.7,10.6071428571428
"isJL1","ScaleMonthlyIncome","ScaleYearsWithCurrManager",17,84.1379310344829,97.6712328767122,13.5714285714286
"isJL1","ScaleMonthlyIncome","ScaleYearsWithCurrManager",18,84.2563218390805,97.8123287671233,13.5714285714286
"isJL1","ScaleMonthlyIncome","ScaleYearsWithCurrManager",19,84.248275862069,97.6657534246576,14.2857142857143
"isJL1","ScaleMonthlyIncome","ScaleYearsWithCurrManager",20,84.3,97.6671232876712,14.6
"isJL1","ScaleMonthlyIncome","ScaleYearsWithCurrManager",21,83.9609195402299,97.5945205479453,12.8714285714286
"isJL1","ScaleMonthlyIncome","ScaleYearsWithCurrManager",22,84.0505747126437,97.5753424657535,13.5285714285714
"isJL1","ScaleMonthlyIncome","ScaleYearsWithCurrManager",23,83.6781609195402,97.3972602739725,12.1428571428571
"isJL1","ScaleMonthlyIncome","ScaleYearsWithCurrManager",24,83.9666666666667,97.8,11.8357142857143
"isJL1","ScaleMonthlyIncome","ScaleYearsWithCurrManager",25,84.2528735632185,98.219178082192,11.4285714285714
"isJL1","ScaleMonthlyIncome","ScaleYearsWithCurrManager",26,84.0689655172414,97.9232876712329,11.8285714285714
"isJL1","ScaleMonthlyIncome","ScaleYearsWithCurrManager",27,84.3678160919539,98.3561643835615,11.4285714285714
"isJL1","ScaleMonthlyIncome","ScaleYearsWithCurrManager",28,84.3632183908046,98.2808219178083,11.7928571428571
"isJL1","ScaleMonthlyIncome","ScaleYearsWithCurrManager",29,84.2528735632185,98.219178082192,11.4285714285714
"isJL1","ScaleMonthlyIncome","ScaleYearsWithCurrManager",30,84.4264367816091,98.3561643835617,11.7928571428571
"isJL1","SO30","isTWY03",5,84.5977011494254,96.3013698630135,23.5714285714285
"isJL1","SO30","isTWY03",6,84.5977011494254,96.3013698630135,23.5714285714285
"isJL1","SO30","isTWY03",7,84.5977011494254,96.3013698630135,23.5714285714285
"isJL1","SO30","isTWY03",8,84.5977011494254,96.3013698630135,23.5714285714285
"isJL1","SO30","isTWY03",9,84.5977011494254,96.3013698630135,23.5714285714285
"isJL1","SO30","isTWY03",10,84.5977011494254,96.3013698630135,23.5714285714285
"isJL1","SO30","isTWY03",11,84.5977011494254,96.3013698630135,23.5714285714285
"isJL1","SO30","isTWY03",12,84.5977011494254,96.3013698630135,23.5714285714285
"isJL1","SO30","isTWY03",13,84.5977011494254,96.3013698630135,23.5714285714285
"isJL1","SO30","isTWY03",14,84.5977011494254,96.3013698630135,23.5714285714285
"isJL1","SO30","isTWY03",15,84.5977011494254,96.3013698630135,23.5714285714285
"isJL1","SO30","isTWY03",16,84.5977011494254,96.3013698630135,23.5714285714285
"isJL1","SO30","isTWY03",17,84.5977011494254,96.3013698630135,23.5714285714285
"isJL1","SO30","isTWY03",18,84.5977011494254,96.3013698630135,23.5714285714285
"isJL1","SO30","isTWY03",19,84.5977011494254,96.3013698630135,23.5714285714285
"isJL1","SO30","isTWY03",20,84.5977011494254,96.3013698630135,23.5714285714285
"isJL1","SO30","isTWY03",21,84.5977011494254,96.3013698630135,23.5714285714285
"isJL1","SO30","isTWY03",22,84.5977011494254,96.3013698630135,23.5714285714285
"isJL1","SO30","isTWY03",23,84.5977011494254,96.3013698630135,23.5714285714285
"isJL1","SO30","isTWY03",24,84.5977011494254,96.3013698630135,23.5714285714285
"isJL1","SO30","isTWY03",25,84.5977011494254,96.3013698630135,23.5714285714285
"isJL1","SO30","isTWY03",26,84.5977011494254,96.3013698630135,23.5714285714285
"isJL1","SO30","isTWY03",27,84.5977011494254,96.3013698630135,23.5714285714285
"isJL1","SO30","isTWY03",28,84.5977011494254,96.3013698630135,23.5714285714285
"isJL1","SO30","isTWY03",29,84.5977011494254,96.3013698630135,23.5714285714285
"isJL1","SO30","isTWY03",30,84.5977011494254,96.3013698630135,23.5714285714285
"isJL1","SO30","ScaleYearsWithCurrManager",5,84.2149425287356,95.9821917808219,22.8571428571428
"isJL1","SO30","ScaleYearsWithCurrManager",6,84.1747126436782,95.9342465753425,22.8571428571428
"isJL1","SO30","ScaleYearsWithCurrManager",7,84.1770114942529,95.9369863013699,22.8571428571428
"isJL1","SO30","ScaleYearsWithCurrManager",8,84.183908045977,95.9452054794521,22.8571428571428
"isJL1","SO30","ScaleYearsWithCurrManager",9,84.2264367816092,95.9958904109589,22.8571428571428
"isJL1","SO30","ScaleYearsWithCurrManager",10,84.1701149425287,95.9287671232877,22.8571428571428
"isJL1","SO30","ScaleYearsWithCurrManager",11,84.183908045977,95.9452054794521,22.8571428571428
"isJL1","SO30","ScaleYearsWithCurrManager",12,84.1931034482759,95.9561643835616,22.8571428571428
"isJL1","SO30","ScaleYearsWithCurrManager",13,84.1908045977012,95.9534246575342,22.8571428571428
"isJL1","SO30","ScaleYearsWithCurrManager",14,84.219540229885,95.9876712328767,22.8571428571428
"isJL1","SO30","ScaleYearsWithCurrManager",15,84.1758620689655,95.9356164383562,22.8571428571428
"isJL1","SO30","ScaleYearsWithCurrManager",16,84.1758620689656,95.9356164383562,22.8571428571428
"isJL1","SO30","ScaleYearsWithCurrManager",17,84.7126436781608,96.5753424657535,22.8571428571428
"isJL1","SO30","ScaleYearsWithCurrManager",18,84.7126436781608,96.5753424657535,22.8571428571428
"isJL1","SO30","ScaleYearsWithCurrManager",19,84.7126436781608,96.5753424657535,22.8571428571428
"isJL1","SO30","ScaleYearsWithCurrManager",20,84.7126436781608,96.5753424657535,22.8571428571428
"isJL1","SO30","ScaleYearsWithCurrManager",21,84.7126436781608,96.5753424657535,22.8571428571428
"isJL1","SO30","ScaleYearsWithCurrManager",22,84.7126436781608,96.5753424657535,22.8571428571428
"isJL1","SO30","ScaleYearsWithCurrManager",23,84.7126436781608,96.5753424657535,22.8571428571428
"isJL1","SO30","ScaleYearsWithCurrManager",24,84.7126436781608,96.5753424657535,22.8571428571428
"isJL1","SO30","ScaleYearsWithCurrManager",25,84.7126436781608,96.5753424657535,22.8571428571428
"isJL1","SO30","ScaleYearsWithCurrManager",26,84.7126436781608,96.5753424657535,22.8571428571428
"isJL1","SO30","ScaleYearsWithCurrManager",27,84.7126436781608,96.5753424657535,22.8571428571428
"isJL1","SO30","ScaleYearsWithCurrManager",28,84.7126436781608,96.5753424657535,22.8571428571428
"isJL1","SO30","ScaleYearsWithCurrManager",29,84.7126436781608,96.5753424657535,22.8571428571428
"isJL1","SO30","ScaleYearsWithCurrManager",30,84.7126436781608,96.5753424657535,22.8571428571428
"isJL1","isTWY03","ScaleYearsWithCurrManager",5,82.2908045977011,95.8904109589042,11.3785714285714
"isJL1","isTWY03","ScaleYearsWithCurrManager",6,82.2310344827587,95.8904109589042,11.0071428571429
"isJL1","isTWY03","ScaleYearsWithCurrManager",7,82.2712643678161,95.8904109589042,11.2571428571429
"isJL1","isTWY03","ScaleYearsWithCurrManager",8,82.2597701149425,95.8904109589042,11.1857142857143
"isJL1","isTWY03","ScaleYearsWithCurrManager",9,82.2563218390805,95.8904109589042,11.1642857142857
"isJL1","isTWY03","ScaleYearsWithCurrManager",10,82.2287356321839,95.8904109589042,10.9928571428571
"isJL1","isTWY03","ScaleYearsWithCurrManager",11,82.2724137931035,95.8904109589042,11.2642857142857
"isJL1","isTWY03","ScaleYearsWithCurrManager",12,82.2172413793104,95.8904109589042,10.9214285714286
"isJL1","isTWY03","ScaleYearsWithCurrManager",13,82.2390804597701,95.8904109589042,11.0571428571429
"isJL1","isTWY03","ScaleYearsWithCurrManager",14,82.1701149425288,95.8904109589042,10.6285714285714
"isJL1","isTWY03","ScaleYearsWithCurrManager",15,82.2172413793104,95.8904109589042,10.9214285714286
"isJL1","isTWY03","ScaleYearsWithCurrManager",16,82.2747126436782,95.8904109589042,11.2785714285714
"isJL1","isTWY03","ScaleYearsWithCurrManager",17,82.2977011494253,95.8904109589042,11.4214285714286
"isJL1","isTWY03","ScaleYearsWithCurrManager",18,82.2425287356322,95.8904109589042,11.0785714285714
"isJL1","isTWY03","ScaleYearsWithCurrManager",19,82.2195402298851,95.8904109589042,10.9357142857143
"isJL1","isTWY03","ScaleYearsWithCurrManager",20,82.2643678160919,95.8904109589042,11.2142857142857
"isJL1","isTWY03","ScaleYearsWithCurrManager",21,82.267816091954,95.8904109589042,11.2357142857143
"isJL1","isTWY03","ScaleYearsWithCurrManager",22,82.2528735632184,95.8904109589042,11.1428571428571
"isJL1","isTWY03","ScaleYearsWithCurrManager",23,82.2241379310345,95.8904109589042,10.9642857142857
"isJL1","isTWY03","ScaleYearsWithCurrManager",24,82.2321839080459,95.8904109589042,11.0142857142857
"isJL1","isTWY03","ScaleYearsWithCurrManager",25,82.3022988505747,95.8904109589042,11.45
"isJL1","isTWY03","ScaleYearsWithCurrManager",26,82.2287356321839,95.8904109589042,10.9928571428571
"isJL1","isTWY03","ScaleYearsWithCurrManager",27,82.235632183908,95.8904109589042,11.0357142857143
"isJL1","isTWY03","ScaleYearsWithCurrManager",28,82.2724137931034,95.8904109589042,11.2642857142857
"isJL1","isTWY03","ScaleYearsWithCurrManager",29,82.2103448275863,95.8904109589042,10.8785714285714
"isJL1","isTWY03","ScaleYearsWithCurrManager",30,82.2689655172413,95.8904109589042,11.2428571428571
"isSingle","ScaleMonthlyIncome","SO30",5,82.2988505747128,95.4794520547946,13.5714285714286
"isSingle","ScaleMonthlyIncome","SO30",6,83.0356321839081,95.9917808219178,15.4785714285714
"isSingle","ScaleMonthlyIncome","SO30",7,84.1436781609196,97.6054794520548,13.95
"isSingle","ScaleMonthlyIncome","SO30",8,83.6471264367816,97.1616438356164,13.1785714285714
"isSingle","ScaleMonthlyIncome","SO30",9,83.6781609195402,97.2602739726028,12.8571428571428
"isSingle","ScaleMonthlyIncome","SO30",10,83.6379310344828,97.1301369863014,13.2857142857143
"isSingle","ScaleMonthlyIncome","SO30",11,83.9149425287357,97.8835616438357,11.0785714285714
"isSingle","ScaleMonthlyIncome","SO30",12,83.9747126436782,98.2397260273973,9.59285714285713
"isSingle","ScaleMonthlyIncome","SO30",13,83.448275862069,98.0821917808218,7.14285714285714
"isSingle","ScaleMonthlyIncome","SO30",14,83.416091954023,98.1753424657535,6.45714285714284
"isSingle","ScaleMonthlyIncome","SO30",15,83.5632183908046,98.4931506849317,5.7142857142857
"isSingle","ScaleMonthlyIncome","SO30",16,83.7735632183908,98.6260273972603,6.32857142857142
"isSingle","ScaleMonthlyIncome","SO30",17,84.0850574712644,98.9041095890413,6.81428571428571
"isSingle","ScaleMonthlyIncome","SO30",18,83.948275862069,98.7671232876713,6.67857142857142
"isSingle","ScaleMonthlyIncome","SO30",19,83.9080459770116,98.7671232876711,6.42857142857141
"isSingle","ScaleMonthlyIncome","SO30",20,83.7459770114943,98.654794520548,6.00714285714284
"isSingle","ScaleMonthlyIncome","SO30",21,84.1379310344829,99.178082191781,5.7142857142857
"isSingle","ScaleMonthlyIncome","SO30",22,84.1517241379311,99.1931506849315,5.72142857142856
"isSingle","ScaleMonthlyIncome","SO30",23,84.3011494252874,99.372602739726,5.7142857142857
"isSingle","ScaleMonthlyIncome","SO30",24,84.3103448275862,99.4506849315069,5.3642857142857
"isSingle","ScaleMonthlyIncome","SO30",25,84.3678160919539,99.5890410958906,4.99999999999999
"isSingle","ScaleMonthlyIncome","SO30",26,84.3057471264368,99.5150684931507,4.99999999999999
"isSingle","ScaleMonthlyIncome","SO30",27,84.3678160919539,99.5890410958906,4.99999999999999
"isSingle","ScaleMonthlyIncome","SO30",28,84.4160919540229,99.5890410958906,5.29999999999999
"isSingle","ScaleMonthlyIncome","SO30",29,84.4827586206895,99.5890410958906,5.7142857142857
"isSingle","ScaleMonthlyIncome","SO30",30,84.1850574712644,99.2342465753425,5.7142857142857
"isSingle","ScaleMonthlyIncome","isTWY03",5,81.7229885057471,94.9917808219179,12.5357142857143
"isSingle","ScaleMonthlyIncome","isTWY03",6,82.6885057471264,95.6383561643836,15.1642857142857
"isSingle","ScaleMonthlyIncome","isTWY03",7,83.3850574712644,96.5000000000001,15
"isSingle","ScaleMonthlyIncome","isTWY03",8,83.7965517241379,97.2383561643836,13.7071428571429
"isSingle","ScaleMonthlyIncome","isTWY03",9,84.4287356321838,97.8808219178083,14.2857142857143
"isSingle","ScaleMonthlyIncome","isTWY03",10,84.5091954022988,97.9328767123288,14.5142857142857
"isSingle","ScaleMonthlyIncome","isTWY03",11,84.8275862068965,98.219178082192,15
"isSingle","ScaleMonthlyIncome","isTWY03",12,84.8344827586206,98.219178082192,15.0428571428571
"isSingle","ScaleMonthlyIncome","isTWY03",13,84.8275862068965,98.219178082192,15
"isSingle","ScaleMonthlyIncome","isTWY03",14,84.8206896551724,98.219178082192,14.9571428571429
"isSingle","ScaleMonthlyIncome","isTWY03",15,84.7126436781608,98.219178082192,14.2857142857143
"isSingle","ScaleMonthlyIncome","isTWY03",16,84.6137931034482,98.219178082192,13.6714285714286
"isSingle","ScaleMonthlyIncome","isTWY03",17,84.9425287356321,98.219178082192,15.7142857142857
"isSingle","ScaleMonthlyIncome","isTWY03",18,84.7183908045976,98.219178082192,14.3214285714286
"isSingle","ScaleMonthlyIncome","isTWY03",19,84.9425287356321,98.219178082192,15.7142857142857
"isSingle","ScaleMonthlyIncome","isTWY03",20,84.9068965517241,98.219178082192,15.4928571428571
"isSingle","ScaleMonthlyIncome","isTWY03",21,85.1724137931034,98.219178082192,17.1428571428571
"isSingle","ScaleMonthlyIncome","isTWY03",22,85.0586206896551,98.219178082192,16.4357142857143
"isSingle","ScaleMonthlyIncome","isTWY03",23,84.9425287356321,98.219178082192,15.7142857142857
"isSingle","ScaleMonthlyIncome","isTWY03",24,84.6137931034482,97.827397260274,15.7142857142857
"isSingle","ScaleMonthlyIncome","isTWY03",25,84.9425287356321,98.219178082192,15.7142857142857
"isSingle","ScaleMonthlyIncome","isTWY03",26,84.6482758620689,97.8164383561644,15.9857142857143
"isSingle","ScaleMonthlyIncome","isTWY03",27,84.1379310344829,97.3972602739725,15
"isSingle","ScaleMonthlyIncome","isTWY03",28,84.5287356321839,97.8630136986302,15
"isSingle","ScaleMonthlyIncome","isTWY03",29,84.8275862068965,98.219178082192,15
"isSingle","ScaleMonthlyIncome","isTWY03",30,84.6022988505747,97.8835616438356,15.35
"isSingle","ScaleMonthlyIncome","ScaleYearsWithCurrManager",5,83.3333333333333,96.3013698630135,15.7142857142857
"isSingle","ScaleMonthlyIncome","ScaleYearsWithCurrManager",6,83.4793103448276,96.2068493150685,17.1142857142857
"isSingle","ScaleMonthlyIncome","ScaleYearsWithCurrManager",7,84.8275862068965,96.8493150684932,22.1428571428571
"isSingle","ScaleMonthlyIncome","ScaleYearsWithCurrManager",8,84.4574712643678,96.7876712328766,20.1642857142857
"isSingle","ScaleMonthlyIncome","ScaleYearsWithCurrManager",9,84.7666666666666,96.913698630137,21.4285714285714
"isSingle","ScaleMonthlyIncome","ScaleYearsWithCurrManager",10,84.6333333333333,97.1657534246576,19.2857142857143
"isSingle","ScaleMonthlyIncome","ScaleYearsWithCurrManager",11,85.0574712643677,97.2602739726028,21.4285714285714
"isSingle","ScaleMonthlyIncome","ScaleYearsWithCurrManager",12,85.1735632183907,97.1904109589042,22.5142857142857
"isSingle","ScaleMonthlyIncome","ScaleYearsWithCurrManager",13,85.4022988505747,97.3972602739725,22.8571428571428
"isSingle","ScaleMonthlyIncome","ScaleYearsWithCurrManager",14,85.1804597701149,97.2383561643836,22.3071428571428
"isSingle","ScaleMonthlyIncome","ScaleYearsWithCurrManager",15,85.4022988505747,97.2602739726028,23.5714285714285
"isSingle","ScaleMonthlyIncome","ScaleYearsWithCurrManager",16,85.1402298850574,97.1191780821918,22.6785714285714
"isSingle","ScaleMonthlyIncome","ScaleYearsWithCurrManager",17,85.7471264367817,97.3972602739725,25
"isSingle","ScaleMonthlyIncome","ScaleYearsWithCurrManager",18,85.1183908045977,97.2452054794521,21.8857142857143
"isSingle","ScaleMonthlyIncome","ScaleYearsWithCurrManager",19,84.7126436781608,97.3972602739725,18.5714285714286
"isSingle","ScaleMonthlyIncome","ScaleYearsWithCurrManager",20,84.8977011494252,97.6178082191781,18.5714285714286
"isSingle","ScaleMonthlyIncome","ScaleYearsWithCurrManager",21,84.9425287356321,97.6712328767122,18.5714285714286
"isSingle","ScaleMonthlyIncome","ScaleYearsWithCurrManager",22,84.8321839080459,97.6767123287671,17.8571428571429
"isSingle","ScaleMonthlyIncome","ScaleYearsWithCurrManager",23,84.9425287356321,97.8082191780824,17.8571428571429
"isSingle","ScaleMonthlyIncome","ScaleYearsWithCurrManager",24,85.1114942528735,97.9465753424658,18.1857142857143
"isSingle","ScaleMonthlyIncome","ScaleYearsWithCurrManager",25,85.1724137931034,98.0821917808218,17.8571428571429
"isSingle","ScaleMonthlyIncome","ScaleYearsWithCurrManager",26,85.0563218390804,97.8767123287672,18.2071428571428
"isSingle","ScaleMonthlyIncome","ScaleYearsWithCurrManager",27,84.9425287356321,97.8082191780824,17.8571428571429
"isSingle","ScaleMonthlyIncome","ScaleYearsWithCurrManager",28,85.1114942528735,97.9479452054795,18.1785714285714
"isSingle","ScaleMonthlyIncome","ScaleYearsWithCurrManager",29,85.1724137931034,98.0821917808218,17.8571428571429
"isSingle","ScaleMonthlyIncome","ScaleYearsWithCurrManager",30,85.1850574712643,98.0972602739726,17.8571428571429
"isSingle","SO30","isTWY03",5,84.2344827586207,96.827397260274,18.5714285714286
"isSingle","SO30","isTWY03",6,84.2471264367816,96.8424657534246,18.5714285714286
"isSingle","SO30","isTWY03",7,84.2505747126437,96.8465753424657,18.5714285714286
"isSingle","SO30","isTWY03",8,84.232183908046,96.8246575342465,18.5714285714286
"isSingle","SO30","isTWY03",9,84.2448275862069,96.8397260273972,18.5714285714286
"isSingle","SO30","isTWY03",10,84.2632183908046,96.8616438356164,18.5714285714286
"isSingle","SO30","isTWY03",11,84.248275862069,96.8438356164384,18.5714285714286
"isSingle","SO30","isTWY03",12,84.2655172413793,96.8643835616438,18.5714285714286
"isSingle","SO30","isTWY03",13,84.2505747126437,96.8465753424657,18.5714285714286
"isSingle","SO30","isTWY03",14,84.2379310344828,96.831506849315,18.5714285714286
"isSingle","SO30","isTWY03",15,84.7126436781608,97.3972602739725,18.5714285714286
"isSingle","SO30","isTWY03",16,84.7126436781608,97.3972602739725,18.5714285714286
"isSingle","SO30","isTWY03",17,84.7126436781608,97.3972602739725,18.5714285714286
"isSingle","SO30","isTWY03",18,84.7126436781608,97.3972602739725,18.5714285714286
"isSingle","SO30","isTWY03",19,84.7126436781608,97.3972602739725,18.5714285714286
"isSingle","SO30","isTWY03",20,84.7126436781608,97.3972602739725,18.5714285714286
"isSingle","SO30","isTWY03",21,84.7126436781608,97.3972602739725,18.5714285714286
"isSingle","SO30","isTWY03",22,84.7126436781608,97.3972602739725,18.5714285714286
"isSingle","SO30","isTWY03",23,84.7126436781608,97.3972602739725,18.5714285714286
"isSingle","SO30","isTWY03",24,84.7126436781608,97.3972602739725,18.5714285714286
"isSingle","SO30","isTWY03",25,84.7126436781608,97.3972602739725,18.5714285714286
"isSingle","SO30","isTWY03",26,84.7126436781608,97.3972602739725,18.5714285714286
"isSingle","SO30","isTWY03",27,84.7126436781608,97.3972602739725,18.5714285714286
"isSingle","SO30","isTWY03",28,84.7126436781608,97.3972602739725,18.5714285714286
"isSingle","SO30","isTWY03",29,84.7126436781608,97.3972602739725,18.5714285714286
"isSingle","SO30","isTWY03",30,84.7126436781608,97.3972602739725,18.5714285714286
"isSingle","SO30","ScaleYearsWithCurrManager",5,80.4597701149424,95.8904109589042,0
"isSingle","SO30","ScaleYearsWithCurrManager",6,80.4597701149424,95.8904109589042,0
"isSingle","SO30","ScaleYearsWithCurrManager",7,80.4597701149424,95.8904109589042,0
"isSingle","SO30","ScaleYearsWithCurrManager",8,80.4597701149424,95.8904109589042,0
"isSingle","SO30","ScaleYearsWithCurrManager",9,80.4597701149424,95.8904109589042,0
"isSingle","SO30","ScaleYearsWithCurrManager",10,80.4597701149424,95.8904109589042,0
"isSingle","SO30","ScaleYearsWithCurrManager",11,80.4597701149424,95.8904109589042,0
"isSingle","SO30","ScaleYearsWithCurrManager",12,80.4597701149424,95.8904109589042,0
"isSingle","SO30","ScaleYearsWithCurrManager",13,80.4597701149424,95.8904109589042,0
"isSingle","SO30","ScaleYearsWithCurrManager",14,80.4597701149424,95.8904109589042,0
"isSingle","SO30","ScaleYearsWithCurrManager",15,80.4597701149424,95.8904109589042,0
"isSingle","SO30","ScaleYearsWithCurrManager",16,80.4597701149424,95.8904109589042,0
"isSingle","SO30","ScaleYearsWithCurrManager",17,80.4597701149424,95.8904109589042,0
"isSingle","SO30","ScaleYearsWithCurrManager",18,80.4597701149424,95.8904109589042,0
"isSingle","SO30","ScaleYearsWithCurrManager",19,80.4597701149424,95.8904109589042,0
"isSingle","SO30","ScaleYearsWithCurrManager",20,80.4597701149424,95.8904109589042,0
"isSingle","SO30","ScaleYearsWithCurrManager",21,80.4597701149424,95.8904109589042,0
"isSingle","SO30","ScaleYearsWithCurrManager",22,80.4597701149424,95.8904109589042,0
"isSingle","SO30","ScaleYearsWithCurrManager",23,80.4597701149424,95.8904109589042,0
"isSingle","SO30","ScaleYearsWithCurrManager",24,80.4597701149424,95.8904109589042,0
"isSingle","SO30","ScaleYearsWithCurrManager",25,80.4597701149424,95.8904109589042,0
"isSingle","SO30","ScaleYearsWithCurrManager",26,80.4597701149424,95.8904109589042,0
"isSingle","SO30","ScaleYearsWithCurrManager",27,80.4597701149424,95.8904109589042,0
"isSingle","SO30","ScaleYearsWithCurrManager",28,80.4597701149424,95.8904109589042,0
"isSingle","SO30","ScaleYearsWithCurrManager",29,80.4597701149424,95.8904109589042,0
"isSingle","SO30","ScaleYearsWithCurrManager",30,80.4597701149424,95.8904109589042,0
"isSingle","isTWY03","ScaleYearsWithCurrManager",5,85.1724137931034,98.6301369863014,15
"isSingle","isTWY03","ScaleYearsWithCurrManager",6,85.1724137931034,98.6301369863014,15
"isSingle","isTWY03","ScaleYearsWithCurrManager",7,85.1724137931034,98.6301369863014,15
"isSingle","isTWY03","ScaleYearsWithCurrManager",8,85.1724137931034,98.6301369863014,15
"isSingle","isTWY03","ScaleYearsWithCurrManager",9,85.1724137931034,98.6301369863014,15
"isSingle","isTWY03","ScaleYearsWithCurrManager",10,85.1724137931034,98.6301369863014,15
"isSingle","isTWY03","ScaleYearsWithCurrManager",11,85.1724137931034,98.6301369863014,15
"isSingle","isTWY03","ScaleYearsWithCurrManager",12,85.1724137931034,98.6301369863014,15
"isSingle","isTWY03","ScaleYearsWithCurrManager",13,85.1724137931034,98.6301369863014,15
"isSingle","isTWY03","ScaleYearsWithCurrManager",14,85.1724137931034,98.6301369863014,15
"isSingle","isTWY03","ScaleYearsWithCurrManager",15,85.1724137931034,98.6301369863014,15
"isSingle","isTWY03","ScaleYearsWithCurrManager",16,84.7126436781608,97.3972602739725,18.5714285714286
"isSingle","isTWY03","ScaleYearsWithCurrManager",17,84.7126436781608,97.3972602739725,18.5714285714286
"isSingle","isTWY03","ScaleYearsWithCurrManager",18,84.7126436781608,97.3972602739725,18.5714285714286
"isSingle","isTWY03","ScaleYearsWithCurrManager",19,84.7126436781608,97.3972602739725,18.5714285714286
"isSingle","isTWY03","ScaleYearsWithCurrManager",20,84.7126436781608,97.3972602739725,18.5714285714286
"isSingle","isTWY03","ScaleYearsWithCurrManager",21,84.7126436781608,97.3972602739725,18.5714285714286
"isSingle","isTWY03","ScaleYearsWithCurrManager",22,84.7126436781608,97.3972602739725,18.5714285714286
"isSingle","isTWY03","ScaleYearsWithCurrManager",23,84.7126436781608,97.3972602739725,18.5714285714286
"isSingle","isTWY03","ScaleYearsWithCurrManager",24,84.7126436781608,97.3972602739725,18.5714285714286
"isSingle","isTWY03","ScaleYearsWithCurrManager",25,84.7126436781608,97.3972602739725,18.5714285714286
"isSingle","isTWY03","ScaleYearsWithCurrManager",26,84.7126436781608,97.3972602739725,18.5714285714286
"isSingle","isTWY03","ScaleYearsWithCurrManager",27,84.7126436781608,97.3972602739725,18.5714285714286
"isSingle","isTWY03","ScaleYearsWithCurrManager",28,84.7126436781608,97.3972602739725,18.5714285714286
"isSingle","isTWY03","ScaleYearsWithCurrManager",29,84.7126436781608,97.3972602739725,18.5714285714286
"isSingle","isTWY03","ScaleYearsWithCurrManager",30,84.7126436781608,97.3972602739725,18.5714285714286
"ScaleMonthlyIncome","SO30","isTWY03",5,83.0977011494253,96.2287671232876,14.6285714285714
"ScaleMonthlyIncome","SO30","isTWY03",6,82.2298850574712,95.3260273972603,13.9428571428571
"ScaleMonthlyIncome","SO30","isTWY03",7,81.9540229885058,95.0684931506852,13.5714285714286
"ScaleMonthlyIncome","SO30","isTWY03",8,82.8459770114943,95.7767123287671,15.4214285714286
"ScaleMonthlyIncome","SO30","isTWY03",9,83.6781609195402,96.4383561643838,17.1428571428571
"ScaleMonthlyIncome","SO30","isTWY03",10,83.8689655172414,96.6616438356164,17.1642857142857
"ScaleMonthlyIncome","SO30","isTWY03",11,84.1379310344829,96.8493150684932,17.8571428571429
"ScaleMonthlyIncome","SO30","isTWY03",12,84.148275862069,96.8315068493151,18.0142857142857
"ScaleMonthlyIncome","SO30","isTWY03",13,84.8275862068965,96.8493150684932,22.1428571428571
"ScaleMonthlyIncome","SO30","isTWY03",14,84.3482758620689,96.7082191780822,19.9
"ScaleMonthlyIncome","SO30","isTWY03",15,84.5471264367816,96.9260273972602,20
"ScaleMonthlyIncome","SO30","isTWY03",16,84.2298850574713,96.9109589041095,18.1071428571428
"ScaleMonthlyIncome","SO30","isTWY03",17,84.1977011494254,96.8493150684932,18.2285714285714
"ScaleMonthlyIncome","SO30","isTWY03",18,83.6333333333334,96.6876712328767,15.5642857142857
"ScaleMonthlyIncome","SO30","isTWY03",19,84.2528735632185,97.1232876712331,17.1428571428571
"ScaleMonthlyIncome","SO30","isTWY03",20,84.4804597701149,97.0602739726028,18.8857142857143
"ScaleMonthlyIncome","SO30","isTWY03",21,84.5402298850575,97.1232876712331,18.9285714285714
"ScaleMonthlyIncome","SO30","isTWY03",22,84.6712643678161,97.1232876712331,19.7428571428571
"ScaleMonthlyIncome","SO30","isTWY03",23,84.8275862068965,97.1232876712331,20.7142857142857
"ScaleMonthlyIncome","SO30","isTWY03",24,84.283908045977,96.7,19.5428571428571
"ScaleMonthlyIncome","SO30","isTWY03",25,83.9080459770116,96.3013698630135,19.2857142857143
"ScaleMonthlyIncome","SO30","isTWY03",26,84.019540229885,96.3013698630135,19.9785714285714
"ScaleMonthlyIncome","SO30","isTWY03",27,84.5977011494254,96.3013698630135,23.5714285714285
"ScaleMonthlyIncome","SO30","isTWY03",28,84.2494252873563,96.3013698630135,21.4071428571428
"ScaleMonthlyIncome","SO30","isTWY03",29,84.1379310344829,96.3013698630135,20.7142857142857
"ScaleMonthlyIncome","SO30","isTWY03",30,84.4022988505746,96.3013698630135,22.3571428571428
"ScaleMonthlyIncome","SO30","ScaleYearsWithCurrManager",5,82.3034482758621,95.2109589041097,15
"ScaleMonthlyIncome","SO30","ScaleYearsWithCurrManager",6,82.1448275862069,94.454794520548,17.9571428571429
"ScaleMonthlyIncome","SO30","ScaleYearsWithCurrManager",7,83.0505747126437,95.9643835616438,15.7142857142857
"ScaleMonthlyIncome","SO30","ScaleYearsWithCurrManager",8,83.1563218390805,95.8328767123288,17.0571428571429
"ScaleMonthlyIncome","SO30","ScaleYearsWithCurrManager",9,83.0931034482758,96.2890410958904,14.2857142857143
"ScaleMonthlyIncome","SO30","ScaleYearsWithCurrManager",10,83.4471264367816,96.3890410958905,15.9642857142857
"ScaleMonthlyIncome","SO30","ScaleYearsWithCurrManager",11,83.6781609195402,96.5753424657535,16.4285714285714
"ScaleMonthlyIncome","SO30","ScaleYearsWithCurrManager",12,84.2505747126436,97.254794520548,16.4428571428571
"ScaleMonthlyIncome","SO30","ScaleYearsWithCurrManager",13,84.8275862068965,97.8082191780824,17.1428571428571
"ScaleMonthlyIncome","SO30","ScaleYearsWithCurrManager",14,84.7666666666666,97.7972602739727,16.8214285714286
"ScaleMonthlyIncome","SO30","ScaleYearsWithCurrManager",15,84.8275862068965,97.9452054794521,16.4285714285714
"ScaleMonthlyIncome","SO30","ScaleYearsWithCurrManager",16,84.6563218390804,97.6630136986302,16.8357142857143
"ScaleMonthlyIncome","SO30","ScaleYearsWithCurrManager",17,84.8275862068965,97.9452054794521,16.4285714285714
"ScaleMonthlyIncome","SO30","ScaleYearsWithCurrManager",18,84.9206896551724,97.8712328767125,17.3928571428571
"ScaleMonthlyIncome","SO30","ScaleYearsWithCurrManager",19,85.0574712643677,97.9452054794521,17.8571428571429
"ScaleMonthlyIncome","SO30","ScaleYearsWithCurrManager",20,84.9850574712643,97.8095890410959,18.1142857142857
"ScaleMonthlyIncome","SO30","ScaleYearsWithCurrManager",21,84.9425287356321,97.6712328767122,18.5714285714286
"ScaleMonthlyIncome","SO30","ScaleYearsWithCurrManager",22,84.7540229885057,97.3794520547945,18.9214285714286
"ScaleMonthlyIncome","SO30","ScaleYearsWithCurrManager",23,84.4827586206895,96.9863013698629,19.2857142857143
"ScaleMonthlyIncome","SO30","ScaleYearsWithCurrManager",24,84.7310344827586,96.9863013698629,20.8285714285714
"ScaleMonthlyIncome","SO30","ScaleYearsWithCurrManager",25,84.9425287356321,96.9863013698629,22.1428571428571
"ScaleMonthlyIncome","SO30","ScaleYearsWithCurrManager",26,84.8919540229884,96.9260273972602,22.1428571428571
"ScaleMonthlyIncome","SO30","ScaleYearsWithCurrManager",27,84.8275862068965,96.8493150684932,22.1428571428571
"ScaleMonthlyIncome","SO30","ScaleYearsWithCurrManager",28,84.8816091954022,96.8493150684932,22.4785714285714
"ScaleMonthlyIncome","SO30","ScaleYearsWithCurrManager",29,84.9425287356321,96.8493150684932,22.8571428571428
"ScaleMonthlyIncome","SO30","ScaleYearsWithCurrManager",30,84.8896551724137,96.8493150684932,22.5285714285714
"ScaleMonthlyIncome","isTWY03","ScaleYearsWithCurrManager",5,83.1609195402299,96.6438356164383,12.8571428571428
"ScaleMonthlyIncome","isTWY03","ScaleYearsWithCurrManager",6,82.8333333333333,96.6041095890411,11.0285714285714
"ScaleMonthlyIncome","isTWY03","ScaleYearsWithCurrManager",7,83.3183908045977,96.7698630136986,13.1785714285714
"ScaleMonthlyIncome","isTWY03","ScaleYearsWithCurrManager",8,83.0954022988506,96.5616438356164,12.8785714285714
"ScaleMonthlyIncome","isTWY03","ScaleYearsWithCurrManager",9,83.3758620689656,96.8493150684932,13.1214285714286
"ScaleMonthlyIncome","isTWY03","ScaleYearsWithCurrManager",10,82.9471264367816,96.5972602739727,11.7714285714286
"ScaleMonthlyIncome","isTWY03","ScaleYearsWithCurrManager",11,83.0436781609195,96.7123287671232,11.7714285714286
"ScaleMonthlyIncome","isTWY03","ScaleYearsWithCurrManager",12,82.7862068965517,96.6369863013699,10.5642857142857
"ScaleMonthlyIncome","isTWY03","ScaleYearsWithCurrManager",13,82.3655172413794,96.1068493150684,10.7142857142857
"ScaleMonthlyIncome","isTWY03","ScaleYearsWithCurrManager",14,82.7103448275863,96.5767123287671,10.4071428571428
"ScaleMonthlyIncome","isTWY03","ScaleYearsWithCurrManager",15,82.5287356321838,96.0273972602739,12.1428571428571
"ScaleMonthlyIncome","isTWY03","ScaleYearsWithCurrManager",16,83.0057471264368,96.2150684931506,14.1285714285714
"ScaleMonthlyIncome","isTWY03","ScaleYearsWithCurrManager",17,83.5632183908046,96.4383561643838,16.4285714285714
"ScaleMonthlyIncome","isTWY03","ScaleYearsWithCurrManager",18,83.7149425287357,96.9575342465753,14.6642857142857
"ScaleMonthlyIncome","isTWY03","ScaleYearsWithCurrManager",19,84.3678160919539,97.3972602739725,16.4285714285714
"ScaleMonthlyIncome","isTWY03","ScaleYearsWithCurrManager",20,83.8850574712644,97.2589041095891,14.15
"ScaleMonthlyIncome","isTWY03","ScaleYearsWithCurrManager",21,83.8379310344828,97.3972602739725,13.1357142857143
"ScaleMonthlyIncome","isTWY03","ScaleYearsWithCurrManager",22,83.4540229885058,97.2575342465753,11.4785714285714
"ScaleMonthlyIncome","isTWY03","ScaleYearsWithCurrManager",23,82.8172413793104,97.1232876712331,8.22142857142856
"ScaleMonthlyIncome","isTWY03","ScaleYearsWithCurrManager",24,83.3620689655172,97.9739726027397,7.17142857142856
"ScaleMonthlyIncome","isTWY03","ScaleYearsWithCurrManager",25,83.6781609195402,98.7671232876711,4.99999999999999
"ScaleMonthlyIncome","isTWY03","ScaleYearsWithCurrManager",26,83.3954022988506,98.3,5.67857142857142
"ScaleMonthlyIncome","isTWY03","ScaleYearsWithCurrManager",27,83.448275862069,98.4931506849317,4.99999999999999
"ScaleMonthlyIncome","isTWY03","ScaleYearsWithCurrManager",28,83.1229885057472,98.0301369863014,5.39285714285713
"ScaleMonthlyIncome","isTWY03","ScaleYearsWithCurrManager",29,83.3333333333333,98.3561643835615,4.99999999999999
"ScaleMonthlyIncome","isTWY03","ScaleYearsWithCurrManager",30,83.3390804597701,98.4164383561644,4.72142857142856
"SO30","isTWY03","ScaleYearsWithCurrManager",5,85.0574712643677,97.8082191780824,18.5714285714286
"SO30","isTWY03","ScaleYearsWithCurrManager",6,85.0574712643677,97.8082191780824,18.5714285714286
"SO30","isTWY03","ScaleYearsWithCurrManager",7,85.0574712643677,97.8082191780824,18.5714285714286
"SO30","isTWY03","ScaleYearsWithCurrManager",8,85.0574712643677,97.8082191780824,18.5714285714286
"SO30","isTWY03","ScaleYearsWithCurrManager",9,85.0574712643677,97.8082191780824,18.5714285714286
"SO30","isTWY03","ScaleYearsWithCurrManager",10,85.0574712643677,97.8082191780824,18.5714285714286
"SO30","isTWY03","ScaleYearsWithCurrManager",11,85.0574712643677,97.8082191780824,18.5714285714286
"SO30","isTWY03","ScaleYearsWithCurrManager",12,85.0574712643677,97.8082191780824,18.5714285714286
"SO30","isTWY03","ScaleYearsWithCurrManager",13,85.0574712643677,97.8082191780824,18.5714285714286
"SO30","isTWY03","ScaleYearsWithCurrManager",14,85.0574712643677,97.8082191780824,18.5714285714286
"SO30","isTWY03","ScaleYearsWithCurrManager",15,85.0574712643677,97.8082191780824,18.5714285714286
"SO30","isTWY03","ScaleYearsWithCurrManager",16,85.0574712643677,97.8082191780824,18.5714285714286
"SO30","isTWY03","ScaleYearsWithCurrManager",17,85.0574712643677,97.8082191780824,18.5714285714286
"SO30","isTWY03","ScaleYearsWithCurrManager",18,85.0574712643677,97.8082191780824,18.5714285714286
"SO30","isTWY03","ScaleYearsWithCurrManager",19,85.0574712643677,97.8082191780824,18.5714285714286
"SO30","isTWY03","ScaleYearsWithCurrManager",20,84.5977011494254,96.3013698630135,23.5714285714285
"SO30","isTWY03","ScaleYearsWithCurrManager",21,84.5977011494254,96.3013698630135,23.5714285714285
"SO30","isTWY03","ScaleYearsWithCurrManager",22,84.5977011494254,96.3013698630135,23.5714285714285
"SO30","isTWY03","ScaleYearsWithCurrManager",23,84.5977011494254,96.3013698630135,23.5714285714285
"SO30","isTWY03","ScaleYearsWithCurrManager",24,84.5977011494254,96.3013698630135,23.5714285714285
"SO30","isTWY03","ScaleYearsWithCurrManager",25,84.5977011494254,96.3013698630135,23.5714285714285
"SO30","isTWY03","ScaleYearsWithCurrManager",26,84.5977011494254,96.3013698630135,23.5714285714285
"SO30","isTWY03","ScaleYearsWithCurrManager",27,84.5977011494254,96.3013698630135,23.5714285714285
"SO30","isTWY03","ScaleYearsWithCurrManager",28,84.5977011494254,96.3013698630135,23.5714285714285
"SO30","isTWY03","ScaleYearsWithCurrManager",29,84.5977011494254,96.3013698630135,23.5714285714285
"SO30","isTWY03","ScaleYearsWithCurrManager",30,84.5977011494254,96.3013698630135,23.5714285714285
